Entity,Code,Year,CO₂ emissions per capita
France,FRA,1802,0.076622
France,FRA,1804,0.07393558
France,FRA,1810,0.070469946
France,FRA,1811,0.067903295
France,FRA,1812,0.07308623
France,FRA,1813,0.06727743
France,FRA,1814,0.06846539
France,FRA,1815,0.076333165
France,FRA,1816,0.08116601
France,FRA,1817,0.086080305
France,FRA,1818,0.07678174
France,FRA,1819,0.082100935
France,FRA,1820,0.09271228
France,FRA,1821,0.095714025
France,FRA,1822,0.100134835
France,FRA,1823,0.09950061
France,FRA,1824,0.10972901
France,FRA,1825,0.122663274
France,FRA,1826,0.12594925
France,FRA,1827,0.18088658
France,FRA,1828,0.18988127
France,FRA,1829,0.18364692
France,FRA,1830,0.19692379
France,FRA,1831,0.1809741
France,FRA,1832,0.19870651
France,FRA,1833,0.21459202
France,FRA,1834,0.26293486
France,FRA,1835,0.2715916
France,FRA,1836,0.31054175
France,FRA,1837,0.3298498
France,FRA,1838,0.3432477
France,FRA,1839,0.33313882
France,FRA,1840,0.3381736
France,FRA,1841,0.39443934
France,FRA,1842,0.41288608
France,FRA,1843,0.411831
France,FRA,1844,0.43019587
France,FRA,1845,0.50076497
France,FRA,1846,0.5180938
France,FRA,1847,0.5803729
France,FRA,1848,0.4628796
France,FRA,1849,0.48037285
France,FRA,1850,0.5401483
France,FRA,1851,0.5501596
France,FRA,1852,0.59067684
France,FRA,1853,0.6923327
France,FRA,1854,0.79631627
France,FRA,1855,0.8994212
France,FRA,1856,0.9397137
France,FRA,1857,0.9551182
France,FRA,1858,0.9344241
France,FRA,1859,0.9428659
France,FRA,1860,1.0249465
France,FRA,1861,1.1057359
France,FRA,1862,1.1638623
France,FRA,1863,1.1783826
France,FRA,1864,1.2454354
France,FRA,1865,1.3076444
France,FRA,1866,1.4167037
France,FRA,1867,1.431795
France,FRA,1868,1.4608666
France,FRA,1869,1.4943383
France,FRA,1870,1.3234235
France,FRA,1871,1.3137927
France,FRA,1872,1.5900015
France,FRA,1873,1.71633
France,FRA,1874,1.6306893
France,FRA,1875,1.6966279
France,FRA,1876,1.6970373
France,FRA,1877,1.6577271
France,FRA,1878,1.6892104
France,FRA,1879,1.7456038
France,FRA,1880,1.9661164
France,FRA,1881,2.009875
France,FRA,1882,2.1170962
France,FRA,1883,2.215497
France,FRA,1884,2.1234424
France,FRA,1885,2.0371127
France,FRA,1886,2.016362
France,FRA,1887,2.119315
France,FRA,1888,2.2001383
France,FRA,1889,2.2501442
France,FRA,1890,2.474375
France,FRA,1891,2.474684
France,FRA,1892,2.4748344
France,FRA,1893,2.4268293
France,FRA,1894,2.564161
France,FRA,1895,2.583201
France,FRA,1896,2.6682394
France,FRA,1897,2.7900133
France,FRA,1898,2.8815835
France,FRA,1899,3.0096476
France,FRA,1900,3.2303777
France,FRA,1901,3.1198537
France,FRA,1902,2.9330056
France,FRA,1903,3.2201838
France,FRA,1904,3.1330132
France,FRA,1905,3.1646204
France,FRA,1906,3.3874516
France,FRA,1907,3.6069126
France,FRA,1908,3.630096
France,FRA,1909,3.7144277
France,FRA,1910,3.7331283
France,FRA,1911,3.900818
France,FRA,1912,3.9597802
France,FRA,1913,4.297789
France,FRA,1914,2.9899921
France,FRA,1915,2.6233315
France,FRA,1916,2.8037076
France,FRA,1917,3.1264672
France,FRA,1918,2.8037887
France,FRA,1919,3.0121102
France,FRA,1920,3.9392464
France,FRA,1921,3.5732992
France,FRA,1922,4.210048
France,FRA,1923,4.722255
France,FRA,1924,5.263511
France,FRA,1925,5.411551
France,FRA,1926,5.3742137
France,FRA,1927,5.3222127
France,FRA,1928,5.25259
France,FRA,1929,5.7868476
France,FRA,1930,5.850423
France,FRA,1931,5.345493
France,FRA,1932,4.712864
France,FRA,1933,4.907161
France,FRA,1934,4.962797
France,FRA,1935,4.8225775
France,FRA,1936,4.8966165
France,FRA,1937,5.389734
France,FRA,1938,5.0033183
France,FRA,1939,4.8274617
France,FRA,1940,3.4146125
France,FRA,1941,2.9683535
France,FRA,1942,3.0239975
France,FRA,1943,3.0806637
France,FRA,1944,1.9602842
France,FRA,1945,2.616853
France,FRA,1946,4.0204406
France,FRA,1947,4.4513903
France,FRA,1948,4.7462525
France,FRA,1949,5.5062785
France,FRA,1950,4.833711
France,FRA,1951,5.4081116
France,FRA,1952,5.311264
France,FRA,1953,4.968364
France,FRA,1954,5.1881204
France,FRA,1955,5.421132
France,FRA,1956,6.0286164
France,FRA,1957,6.1701612
France,FRA,1958,5.8585806
France,FRA,1959,5.7073174
France,FRA,1960,6.4270477
France,FRA,1961,6.784725
France,FRA,1962,7.0859485
France,FRA,1963,7.1191435
France,FRA,1964,7.685866
France,FRA,1965,7.5009995
France,FRA,1966,7.7836466
France,FRA,1967,8.215699
France,FRA,1968,8.431216
France,FRA,1969,8.868538
France,FRA,1970,9.130455
France,FRA,1971,9.690313
France,FRA,1972,10.002982
France,FRA,1973,10.403053
France,FRA,1974,9.9940815
France,FRA,1975,9.214351
France,FRA,1976,9.958093
France,FRA,1977,9.610839
France,FRA,1978,9.969789
France,FRA,1979,9.989639
France,FRA,1980,9.538364
France,FRA,1981,8.526336
France,FRA,1982,8.123415
France,FRA,1983,7.7617745
France,FRA,1984,7.515064
France,FRA,1985,7.3521323
France,FRA,1986,7.0466685
France,FRA,1987,6.9606786
France,FRA,1988,6.8770137
France,FRA,1989,7.0824494
France,FRA,1990,6.9293327
France,FRA,1991,7.3180947
France,FRA,1992,7.096411
France,FRA,1993,6.728049
France,FRA,1994,6.5845513
France,FRA,1995,6.6496673
France,FRA,1996,6.909002
France,FRA,1997,6.76169
France,FRA,1998,7.049427
France,FRA,1999,6.9912124
France,FRA,2000,6.849684
France,FRA,2001,6.8707247
France,FRA,2002,6.746978
France,FRA,2003,6.799168
France,FRA,2004,6.7686367
France,FRA,2005,6.756068
France,FRA,2006,6.5539103
France,FRA,2007,6.3502436
France,FRA,2008,6.2088747
France,FRA,2009,5.8853593
France,FRA,2010,5.945996
France,FRA,2011,5.572035
France,FRA,2012,5.59021
France,FRA,2013,5.591334
France,FRA,2014,5.067184
France,FRA,2015,5.116293
France,FRA,2016,5.1545954
France,FRA,2017,5.182955
France,FRA,2018,4.93138
France,FRA,2019,4.812466
France,FRA,2020,4.271517
France,FRA,2021,4.649748
France,FRA,2022,4.4555726
France,FRA,2023,4.067842
France,FRA,2024,3.969368
Germany,DEU,1800,0.044171557
Germany,DEU,1801,0.029240523
Germany,DEU,1802,0.029754901
Germany,DEU,1803,0.02830634
Germany,DEU,1804,0.05245813
Germany,DEU,1805,0.053302526
Germany,DEU,1806,0.047273606
Germany,DEU,1807,0.13335954
Germany,DEU,1808,0.043796904
Germany,DEU,1809,0.044674568
Germany,DEU,1810,0.046192635
Germany,DEU,1811,0.04306568
Germany,DEU,1812,0.041702244
Germany,DEU,1813,0.04004199
Germany,DEU,1814,0.039072905
Germany,DEU,1815,0.044824384
Germany,DEU,1816,0.1021735
Germany,DEU,1817,0.14253065
Germany,DEU,1818,0.14646468
Germany,DEU,1819,0.13376212
Germany,DEU,1820,0.1361196
Germany,DEU,1821,0.1402481
Germany,DEU,1822,0.14235331
Germany,DEU,1823,0.15628752
Germany,DEU,1824,0.12372251
Germany,DEU,1825,0.16412507
Germany,DEU,1826,0.15657145
Germany,DEU,1827,0.16771843
Germany,DEU,1828,0.16573869
Germany,DEU,1829,0.13103831
Germany,DEU,1830,0.17101406
Germany,DEU,1831,0.16203187
Germany,DEU,1832,0.12038958
Germany,DEU,1833,0.1513005
Germany,DEU,1834,0.15085933
Germany,DEU,1835,0.16690293
Germany,DEU,1836,0.17388494
Germany,DEU,1837,0.19722018
Germany,DEU,1838,0.21752897
Germany,DEU,1839,0.22798942
Germany,DEU,1840,0.29514763
Germany,DEU,1841,0.3044165
Germany,DEU,1842,0.34398574
Germany,DEU,1843,0.32294974
Germany,DEU,1844,0.33847037
Germany,DEU,1845,0.38910353
Germany,DEU,1846,0.40357685
Germany,DEU,1847,0.42012787
Germany,DEU,1848,0.38629287
Germany,DEU,1849,0.40705645
Germany,DEU,1850,0.4490097
Germany,DEU,1851,0.49647328
Germany,DEU,1852,0.5601497
Germany,DEU,1853,0.60221237
Germany,DEU,1854,0.70180196
Germany,DEU,1855,0.8183968
Germany,DEU,1856,0.87816346
Germany,DEU,1857,0.92877984
Germany,DEU,1858,0.9969994
Germany,DEU,1859,0.9394867
Germany,DEU,1860,1.003471
Germany,DEU,1861,1.1302289
Germany,DEU,1862,1.2347139
Germany,DEU,1863,1.3269968
Germany,DEU,1864,1.5084821
Germany,DEU,1865,1.6752176
Germany,DEU,1866,1.6456321
Germany,DEU,1867,1.7929425
Germany,DEU,1868,1.9109488
Germany,DEU,1869,1.9752913
Germany,DEU,1870,1.9321979
Germany,DEU,1871,2.1301944
Germany,DEU,1872,2.2750201
Germany,DEU,1873,2.4034545
Germany,DEU,1874,1.7304846
Germany,DEU,1875,2.4273689
Germany,DEU,1876,2.446672
Germany,DEU,1877,2.370372
Germany,DEU,1878,2.4199347
Germany,DEU,1879,2.538891
Germany,DEU,1880,2.8224943
Germany,DEU,1881,3.013424
Germany,DEU,1882,3.1931138
Germany,DEU,1883,3.3704581
Germany,DEU,1884,3.4352546
Germany,DEU,1885,3.481745
Germany,DEU,1886,3.4883993
Germany,DEU,1887,3.611334
Germany,DEU,1888,3.9121675
Germany,DEU,1889,4.1315155
Germany,DEU,1890,4.27808
Germany,DEU,1891,4.48249
Germany,DEU,1892,4.307531
Germany,DEU,1893,4.3616033
Germany,DEU,1894,4.473088
Germany,DEU,1895,4.580699
Germany,DEU,1896,4.858754
Germany,DEU,1897,5.115586
Germany,DEU,1898,5.2635717
Germany,DEU,1899,5.5158305
Germany,DEU,1900,5.8584833
Germany,DEU,1901,5.752767
Germany,DEU,1902,5.5575953
Germany,DEU,1903,5.893571
Germany,DEU,1904,6.0174766
Germany,DEU,1905,6.3640666
Germany,DEU,1906,5.935062
Germany,DEU,1907,7.143025
Germany,DEU,1908,7.10769
Germany,DEU,1909,7.010511
Germany,DEU,1910,6.9526906
Germany,DEU,1911,7.1282573
Germany,DEU,1912,7.752086
Germany,DEU,1913,8.3334255
Germany,DEU,1914,7.776015
Germany,DEU,1915,7.2489376
Germany,DEU,1916,7.8622327
Germany,DEU,1917,8.25984
Germany,DEU,1918,7.9522567
Germany,DEU,1919,6.1275907
Germany,DEU,1920,6.7833967
Germany,DEU,1921,7.458013
Germany,DEU,1922,7.145081
Germany,DEU,1923,5.1726303
Germany,DEU,1924,6.9938426
Germany,DEU,1925,7.0439167
Germany,DEU,1926,6.312412
Germany,DEU,1927,7.301617
Germany,DEU,1928,7.61232
Germany,DEU,1929,8.073647
Germany,DEU,1930,6.871657
Germany,DEU,1931,5.700178
Germany,DEU,1932,5.096256
Germany,DEU,1933,5.315258
Germany,DEU,1934,5.9089975
Germany,DEU,1935,6.495202
Germany,DEU,1936,7.124051
Germany,DEU,1937,7.9784474
Germany,DEU,1938,8.4533
Germany,DEU,1939,9.071787
Germany,DEU,1940,9.120772
Germany,DEU,1941,9.196745
Germany,DEU,1942,9.298256
Germany,DEU,1943,9.478794
Germany,DEU,1944,8.392185
Germany,DEU,1945,1.626086
Germany,DEU,1946,3.8143752
Germany,DEU,1947,4.4693284
Germany,DEU,1948,5.3269467
Germany,DEU,1949,6.0961905
Germany,DEU,1950,7.308731
Germany,DEU,1951,8.263315
Germany,DEU,1952,8.746724
Germany,DEU,1953,8.911835
Germany,DEU,1954,9.407278
Germany,DEU,1955,10.282786
Germany,DEU,1956,10.846896
Germany,DEU,1957,10.939459
Germany,DEU,1958,10.546377
Germany,DEU,1959,10.457713
Germany,DEU,1960,11.174068
Germany,DEU,1961,11.372996
Germany,DEU,1962,11.930789
Germany,DEU,1963,12.654174
Germany,DEU,1964,12.861333
Germany,DEU,1965,12.634993
Germany,DEU,1966,12.415375
Germany,DEU,1967,12.160628
Germany,DEU,1968,12.733648
Germany,DEU,1969,13.494337
Germany,DEU,1970,13.116823
Germany,DEU,1971,13.23719
Germany,DEU,1972,13.228626
Germany,DEU,1973,13.747555
Germany,DEU,1974,13.4500675
Germany,DEU,1975,12.735223
Germany,DEU,1976,13.919665
Germany,DEU,1977,13.461735
Germany,DEU,1978,13.813758
Germany,DEU,1979,14.302951
Germany,DEU,1980,14.044512
Germany,DEU,1981,13.363777
Germany,DEU,1982,12.953847
Germany,DEU,1983,12.929977
Germany,DEU,1984,13.24412
Germany,DEU,1985,13.406973
Germany,DEU,1986,13.439202
Germany,DEU,1987,13.223626
Germany,DEU,1988,13.123539
Germany,DEU,1989,12.765508
Germany,DEU,1990,13.233256
Germany,DEU,1991,12.663626
Germany,DEU,1992,11.978324
Germany,DEU,1993,11.773517
Germany,DEU,1994,11.534621
Germany,DEU,1995,11.459825
Germany,DEU,1996,11.666093
Germany,DEU,1997,11.306132
Germany,DEU,1998,11.26054
Germany,DEU,1999,10.9630375
Germany,DEU,2000,10.990293
Germany,DEU,2001,11.1706505
Germany,DEU,2002,10.952268
Germany,DEU,2003,10.893722
Germany,DEU,2004,10.677804
Germany,DEU,2005,10.57788
Germany,DEU,2006,10.849607
Germany,DEU,2007,10.407971
Germany,DEU,2008,10.561389
Germany,DEU,2009,9.760688
Germany,DEU,2010,10.22758
Germany,DEU,2011,9.95007
Germany,DEU,2012,10.060916
Germany,DEU,2013,10.263195
Germany,DEU,2014,9.739761
Germany,DEU,2015,9.756902
Germany,DEU,2016,9.642186
Germany,DEU,2017,9.441122
Germany,DEU,2018,9.101415
Germany,DEU,2019,8.480803
Germany,DEU,2020,7.738692
Germany,DEU,2021,8.100614
Germany,DEU,2022,7.942359
Germany,DEU,2023,7.022808
Germany,DEU,2024,6.7688236
Poland,POL,1800,0.045189332
Poland,POL,1801,0.048899516
Poland,POL,1802,0.049343564
Poland,POL,1803,0.050176714
Poland,POL,1804,0.049413763
Poland,POL,1805,0.061216537
Poland,POL,1806,0.05531447
Poland,POL,1807,0.03982849
Poland,POL,1808,0.052587613
Poland,POL,1809,0.049153995
Poland,POL,1810,0.058625095
Poland,POL,1811,0.060448285
Poland,POL,1812,0.04621533
Poland,POL,1813,0.03847724
Poland,POL,1814,0.050314993
Poland,POL,1815,0.058696058
Poland,POL,1816,0.06695161
Poland,POL,1817,0.07292754
Poland,POL,1818,0.08986743
Poland,POL,1819,0.07327879
Poland,POL,1820,0.071687624
Poland,POL,1821,0.078836694
Poland,POL,1822,0.085877135
Poland,POL,1823,0.11446584
Poland,POL,1824,0.11874538
Poland,POL,1825,0.122617334
Poland,POL,1826,0.111967854
Poland,POL,1827,0.119157985
Poland,POL,1828,0.109338894
Poland,POL,1829,0.09571049
Poland,POL,1830,0.08815281
Poland,POL,1831,0.071625955
Poland,POL,1832,0.09072627
Poland,POL,1833,0.09357449
Poland,POL,1834,0.09764417
Poland,POL,1835,0.103852116
Poland,POL,1836,0.116836585
Poland,POL,1837,0.12466344
Poland,POL,1838,0.13329282
Poland,POL,1839,0.14026114
Poland,POL,1840,0.16289388
Poland,POL,1841,0.17585275
Poland,POL,1842,0.18622164
Poland,POL,1843,0.18188983
Poland,POL,1844,0.19233882
Poland,POL,1845,0.22279966
Poland,POL,1846,0.23364756
Poland,POL,1847,0.23769778
Poland,POL,1848,0.237672
Poland,POL,1849,0.23253947
Poland,POL,1850,0.2454724
Poland,POL,1851,0.2623792
Poland,POL,1852,0.30964217
Poland,POL,1853,0.3195806
Poland,POL,1854,0.34931052
Poland,POL,1855,0.40574992
Poland,POL,1856,0.45026627
Poland,POL,1857,0.47270885
Poland,POL,1858,0.5355126
Poland,POL,1859,0.48803973
Poland,POL,1860,0.5072211
Poland,POL,1861,0.51309466
Poland,POL,1862,0.5816763
Poland,POL,1863,0.65586
Poland,POL,1864,0.7226562
Poland,POL,1865,0.7899976
Poland,POL,1866,0.7632576
Poland,POL,1867,0.8243138
Poland,POL,1868,0.92566586
Poland,POL,1869,0.94349986
Poland,POL,1870,0.9934912
Poland,POL,1871,1.1153967
Poland,POL,1872,1.195611
Poland,POL,1873,1.2761083
Poland,POL,1874,1.3780894
Poland,POL,1875,1.333415
Poland,POL,1876,1.3427811
Poland,POL,1877,1.2447325
Poland,POL,1878,1.2899075
Poland,POL,1879,1.3834292
Poland,POL,1880,1.3558813
Poland,POL,1881,1.3299598
Poland,POL,1882,1.3610665
Poland,POL,1883,1.4730229
Poland,POL,1884,1.5131547
Poland,POL,1885,1.5575616
Poland,POL,1886,1.5737689
Poland,POL,1887,1.5619694
Poland,POL,1888,1.7137668
Poland,POL,1889,1.827004
Poland,POL,1890,1.8654754
Poland,POL,1891,1.9993907
Poland,POL,1892,1.8832577
Poland,POL,1893,1.9660541
Poland,POL,1894,1.9837779
Poland,POL,1895,2.0925136
Poland,POL,1896,2.2348957
Poland,POL,1897,2.3175058
Poland,POL,1898,2.498312
Poland,POL,1899,2.5655856
Poland,POL,1900,2.6038501
Poland,POL,1901,2.7316468
Poland,POL,1902,2.6551762
Poland,POL,1903,2.757266
Poland,POL,1904,2.7737193
Poland,POL,1905,2.972789
Poland,POL,1906,3.1020641
Poland,POL,1907,3.413258
Poland,POL,1908,3.6158361
Poland,POL,1909,3.7009327
Poland,POL,1910,3.6632185
Poland,POL,1911,3.8735087
Poland,POL,1912,4.3458357
Poland,POL,1913,4.6024585
Poland,POL,1914,3.884173
Poland,POL,1915,3.8353822
Poland,POL,1916,4.451905
Poland,POL,1917,5.001783
Poland,POL,1918,4.2455487
Poland,POL,1919,0.11475124
Poland,POL,1920,3.210359
Poland,POL,1921,3.1324885
Poland,POL,1922,2.9668422
Poland,POL,1923,2.137205
Poland,POL,1924,1.914162
Poland,POL,1925,1.8926381
Poland,POL,1926,1.8642147
Poland,POL,1927,2.3119197
Poland,POL,1928,2.3578176
Poland,POL,1929,2.6868458
Poland,POL,1930,2.0655017
Poland,POL,1931,1.9816872
Poland,POL,1932,1.5048476
Poland,POL,1933,1.5392022
Poland,POL,1934,1.6007956
Poland,POL,1935,1.623688
Poland,POL,1936,1.744612
Poland,POL,1937,1.9575403
Poland,POL,1938,2.0696678
Poland,POL,1939,1.7900759
Poland,POL,1940,5.790387
Poland,POL,1941,5.756054
Poland,POL,1942,6.4314394
Poland,POL,1943,7.13858
Poland,POL,1944,6.9538517
Poland,POL,1945,2.2291417
Poland,POL,1946,3.9965856
Poland,POL,1947,3.5651448
Poland,POL,1948,3.5295322
Poland,POL,1949,4.2344003
Poland,POL,1950,4.514354
Poland,POL,1951,4.8332953
Poland,POL,1952,4.9802575
Poland,POL,1953,5.3214955
Poland,POL,1954,5.545677
Poland,POL,1955,5.6942477
Poland,POL,1956,6.0406575
Poland,POL,1957,6.3612585
Poland,POL,1958,6.16858
Poland,POL,1959,6.5112576
Poland,POL,1960,6.7469563
Poland,POL,1961,6.9120374
Poland,POL,1962,7.1396546
Poland,POL,1963,7.530882
Poland,POL,1964,7.8362355
Poland,POL,1965,7.8935866
Poland,POL,1966,7.9961166
Poland,POL,1967,8.13778
Poland,POL,1968,8.597494
Poland,POL,1969,9.076341
Poland,POL,1970,9.346787
Poland,POL,1971,9.547628
Poland,POL,1972,9.9724655
Poland,POL,1973,10.067933
Poland,POL,1974,10.291765
Poland,POL,1975,11.034605
Poland,POL,1976,11.608321
Poland,POL,1977,12.069888
Poland,POL,1978,12.333964
Poland,POL,1979,12.520075
Poland,POL,1980,13.023558
Poland,POL,1981,11.392588
Poland,POL,1982,11.618479
Poland,POL,1983,11.511754
Poland,POL,1984,11.718339
Poland,POL,1985,11.948963
Poland,POL,1986,12.064739
Poland,POL,1987,12.311895
Poland,POL,1988,11.746854
Poland,POL,1989,11.129813
Poland,POL,1990,9.889295
Poland,POL,1991,9.786034
Poland,POL,1992,9.527805
Poland,POL,1993,9.530198
Poland,POL,1994,9.38838
Poland,POL,1995,9.448353
Poland,POL,1996,9.831252
Poland,POL,1997,9.575367
Poland,POL,1998,8.84455
Poland,POL,1999,8.598169
Poland,POL,2000,8.293836
Poland,POL,2001,8.190556
Poland,POL,2002,8.000449
Poland,POL,2003,8.343018
Poland,POL,2004,8.478947
Poland,POL,2005,8.461171
Poland,POL,2006,8.835748
Poland,POL,2007,8.830378
Poland,POL,2008,8.670105
Poland,POL,2009,8.312326
Poland,POL,2010,8.768195
Poland,POL,2011,8.725933
Poland,POL,2012,8.517539
Poland,POL,2013,8.409914
Poland,POL,2014,8.086096
Poland,POL,2015,8.167728
Poland,POL,2016,8.449371
Poland,POL,2017,8.796377
Poland,POL,2018,8.779007
Poland,POL,2019,8.304427
Poland,POL,2020,7.914448
Poland,POL,2021,8.693247
Poland,POL,2022,8.20336
Poland,POL,2023,7.307086
Poland,POL,2024,7.0801096
Switzerland,CHE,1858,0.059032958
Switzerland,CHE,1859,0.08220266
Switzerland,CHE,1860,0.121176094
Switzerland,CHE,1861,0.16842847
Switzerland,CHE,1862,0.18482648
Switzerland,CHE,1863,0.18379712
Switzerland,CHE,1864,0.22275527
Switzerland,CHE,1865,0.2697936
Switzerland,CHE,1866,0.26546693
Switzerland,CHE,1867,0.2583718
Switzerland,CHE,1868,0.29323864
Switzerland,CHE,1869,0.28182352
Switzerland,CHE,1870,0.3380895
Switzerland,CHE,1871,0.41552633
Switzerland,CHE,1872,0.47416753
Switzerland,CHE,1873,0.45748076
Switzerland,CHE,1874,0.42889434
Switzerland,CHE,1875,0.46611035
Switzerland,CHE,1876,0.5412863
Switzerland,CHE,1877,0.5100133
Switzerland,CHE,1878,0.48436847
Switzerland,CHE,1879,0.51395345
Switzerland,CHE,1880,0.5900532
Switzerland,CHE,1881,0.54979306
Switzerland,CHE,1882,0.60506636
Switzerland,CHE,1883,0.6665993
Switzerland,CHE,1884,0.68185574
Switzerland,CHE,1885,0.70712334
Switzerland,CHE,1886,0.7183012
Switzerland,CHE,1887,0.774655
Switzerland,CHE,1888,0.7879734
Switzerland,CHE,1889,0.8647928
Switzerland,CHE,1890,0.97156745
Switzerland,CHE,1891,1.179614
Switzerland,CHE,1892,1.1511933
Switzerland,CHE,1893,0.9436851
Switzerland,CHE,1894,1.1626678
Switzerland,CHE,1895,1.2344265
Switzerland,CHE,1896,1.3358426
Switzerland,CHE,1897,1.393468
Switzerland,CHE,1898,1.4735289
Switzerland,CHE,1899,1.5714949
Switzerland,CHE,1900,1.7210897
Switzerland,CHE,1901,1.5536394
Switzerland,CHE,1902,1.550116
Switzerland,CHE,1903,1.6585895
Switzerland,CHE,1904,1.7218349
Switzerland,CHE,1905,1.7801423
Switzerland,CHE,1906,1.9431022
Switzerland,CHE,1907,2.2262087
Switzerland,CHE,1908,2.2008965
Switzerland,CHE,1909,2.194669
Switzerland,CHE,1910,2.1002643
Switzerland,CHE,1911,2.305075
Switzerland,CHE,1912,2.3326352
Switzerland,CHE,1913,2.454267
Switzerland,CHE,1914,2.2273138
Switzerland,CHE,1915,2.3503044
Switzerland,CHE,1916,2.2253122
Switzerland,CHE,1917,1.5964996
Switzerland,CHE,1918,1.4960932
Switzerland,CHE,1919,1.1947299
Switzerland,CHE,1920,1.8687274
Switzerland,CHE,1921,1.1492369
Switzerland,CHE,1922,1.5761833
Switzerland,CHE,1923,1.9552894
Switzerland,CHE,1924,1.8369185
Switzerland,CHE,1925,1.9057696
Switzerland,CHE,1926,1.8771276
Switzerland,CHE,1927,2.154521
Switzerland,CHE,1928,2.2367952
Switzerland,CHE,1929,2.550196
Switzerland,CHE,1930,2.3641477
Switzerland,CHE,1931,2.4866319
Switzerland,CHE,1932,2.5075653
Switzerland,CHE,1933,2.336685
Switzerland,CHE,1934,2.3241498
Switzerland,CHE,1935,2.2948186
Switzerland,CHE,1936,2.3924453
Switzerland,CHE,1937,2.5130696
Switzerland,CHE,1938,2.5009625
Switzerland,CHE,1939,2.8207507
Switzerland,CHE,1940,1.9632797
Switzerland,CHE,1941,1.5525644
Switzerland,CHE,1942,1.3555924
Switzerland,CHE,1943,1.4181014
Switzerland,CHE,1944,1.011716
Switzerland,CHE,1945,0.36479387
Switzerland,CHE,1946,1.2832824
Switzerland,CHE,1947,2.0808475
Switzerland,CHE,1948,2.225985
Switzerland,CHE,1949,1.8389218
Switzerland,CHE,1950,2.1845193
Switzerland,CHE,1951,2.594848
Switzerland,CHE,1952,2.3358543
Switzerland,CHE,1953,2.123149
Switzerland,CHE,1954,2.5535774
Switzerland,CHE,1955,2.7253482
Switzerland,CHE,1956,3.3723254
Switzerland,CHE,1957,3.4533043
Switzerland,CHE,1958,3.1380975
Switzerland,CHE,1959,3.1573226
Switzerland,CHE,1960,3.6625376
Switzerland,CHE,1961,3.7495637
Switzerland,CHE,1962,4.3300924
Switzerland,CHE,1963,5.107865
Switzerland,CHE,1964,4.8614626
Switzerland,CHE,1965,5.1806326
Switzerland,CHE,1966,5.322196
Switzerland,CHE,1967,5.4286466
Switzerland,CHE,1968,5.9312277
Switzerland,CHE,1969,6.201451
Switzerland,CHE,1970,6.51224
Switzerland,CHE,1971,6.7423453
Switzerland,CHE,1972,6.8544397
Switzerland,CHE,1973,7.3255005
Switzerland,CHE,1974,6.5324173
Switzerland,CHE,1975,6.1605844
Switzerland,CHE,1976,6.4155893
Switzerland,CHE,1977,6.532135
Switzerland,CHE,1978,6.711996
Switzerland,CHE,1979,6.331979
Switzerland,CHE,1980,6.4054956
Switzerland,CHE,1981,6.106163
Switzerland,CHE,1982,5.7221565
Switzerland,CHE,1983,6.232855
Switzerland,CHE,1984,6.0709605
Switzerland,CHE,1985,6.14473
Switzerland,CHE,1986,6.4915795
Switzerland,CHE,1987,6.1386414
Switzerland,CHE,1988,6.1630116
Switzerland,CHE,1989,5.9250574
Switzerland,CHE,1990,6.5764318
Switzerland,CHE,1991,6.7869825
Switzerland,CHE,1992,6.6934896
Switzerland,CHE,1993,6.2855296
Switzerland,CHE,1994,6.1010094
Switzerland,CHE,1995,6.1663036
Switzerland,CHE,1996,6.2369266
Switzerland,CHE,1997,6.072131
Switzerland,CHE,1998,6.2757573
Switzerland,CHE,1999,6.2214174
Switzerland,CHE,2000,6.071895
Switzerland,CHE,2001,6.2389235
Switzerland,CHE,2002,5.9717827
Switzerland,CHE,2003,6.088628
Switzerland,CHE,2004,6.1253977
Switzerland,CHE,2005,6.1594725
Switzerland,CHE,2006,6.0660357
Switzerland,CHE,2007,5.7464805
Switzerland,CHE,2008,5.849575
Switzerland,CHE,2009,5.625207
Switzerland,CHE,2010,5.754552
Switzerland,CHE,2011,5.1770616
Switzerland,CHE,2012,5.280982
Switzerland,CHE,2013,5.3370247
Switzerland,CHE,2014,4.791576
Switzerland,CHE,2015,4.6784573
Switzerland,CHE,2016,4.6836095
Switzerland,CHE,2017,4.522791
Switzerland,CHE,2018,4.3381386
Switzerland,CHE,2019,4.2928753
Switzerland,CHE,2020,3.974646
Switzerland,CHE,2021,4.1233916
Switzerland,CHE,2022,3.7477124
Switzerland,CHE,2023,3.604899
Switzerland,CHE,2024,3.5946856