Statistik,Gebiet,Masseinheit,Ortschaft,Jahr,Getoetete_Insgesamt,Getoetete_Kraftraeder_Versicherungskennzeichen,Getoetete_Elektrokleinstfahrzeuge,Getoetete_Kraftraeder_amtliches_Kennzeichen,Getoetete_Pkw,Getoetete_Busse,Getoetete_Landwirtschaftliche_Zugmaschinen,Getoetete_Gueterkraftfahrzeuge,Getoetete_sonstige_Kraftfahrzeuge,Getoetete_Fahrraeder_ohne_Elektroantrieb_ab_2014,Getoetete_Pedelecs_ab_2014,Getoetete_Fahrraeder_bis_2013,Getoetete_andere_Fahrzeuge_ab_1991,Getoetete_sonstige_Personen_ab_1991,Getoetete_andere_Fahrzeuge_und_sonstige_Personen_bis_1990,Getoetete_Fussgaenger_innen,,,,,,,,,,,,,,,,
Statistik der Strassenverkehrsunfaelle,Deutschland,Anzahl,Innerhalb und außerhalb von Ortschaften,2025,2832,55,33,481,1210,7,7,115,31,248,214,-,9,7,-,415,,,,,,,,,,,,,,,,
Statistik der Strassenverkehrsunfaelle,Deutschland,Anzahl,Innerhalb und außerhalb von Ortschaften,2024,2770,41,27,513,1165,8,11,103,27,250,195,-,19,9,-,402,,,,,,,,,,,,,,,,
Statistik der Strassenverkehrsunfaelle,Deutschland,Anzahl,Innerhalb und außerhalb von Ortschaften,2023,2839,53,21,497,1192,16,18,115,31,256,190,-,8,5,-,437,,,,,,,,,,,,,,,,
Statistik der Strassenverkehrsunfaelle,Deutschland,Anzahl,Innerhalb und außerhalb von Ortschaften,2022,2788,57,10,492,1192,8,21,127,21,266,208,-,11,7,-,368,,,,,,,,,,,,,,,,
Statistik der Strassenverkehrsunfaelle,Deutschland,Anzahl,Innerhalb und außerhalb von Ortschaften,2021,2562,56,5,473,1118,5,16,140,22,241,131,-,11,1,-,343,,,,,,,,,,,,,,,,
Statistik der Strassenverkehrsunfaelle,Deutschland,Anzahl,Innerhalb und außerhalb von Ortschaften,2020,2719,53,-,499,1170,10,20,124,29,284,142,-,9,3,-,376,,,,,,,,,,,,,,,,
Statistik der Strassenverkehrsunfaelle,Deutschland,Anzahl,Innerhalb und außerhalb von Ortschaften,2019,3046,63,-,542,1364,7,19,152,20,327,118,-,13,4,-,417,,,,,,,,,,,,,,,,
Statistik der Strassenverkehrsunfaelle,Deutschland,Anzahl,Innerhalb und außerhalb von Ortschaften,2018,3275,78,-,619,1424,9,20,174,24,356,89,-,18,6,-,458,,,,,,,,,,,,,,,,
Statistik der Strassenverkehrsunfaelle,Deutschland,Anzahl,Innerhalb und außerhalb von Ortschaften,2017,3180,59,-,583,1434,22,15,167,18,314,68,-,11,6,-,483,,,,,,,,,,,,,,,,
Statistik der Strassenverkehrsunfaelle,Deutschland,Anzahl,Innerhalb und außerhalb von Ortschaften,2016,3206,68,-,536,1531,4,9,133,19,331,62,-,13,10,-,490,,,,,,,,,,,,,,,,
Statistik der Strassenverkehrsunfaelle,Deutschland,Anzahl,Innerhalb und außerhalb von Ortschaften,2015,3459,62,-,639,1620,5,25,146,19,347,36,-,15,8,-,537,,,,,,,,,,,,,,,,
Statistik der Strassenverkehrsunfaelle,Deutschland,Anzahl,Innerhalb und außerhalb von Ortschaften,2014,3377,87,-,587,1575,13,27,143,12,357,39,-,10,4,-,523,,,,,,,,,,,,,,,,
Statistik der Strassenverkehrsunfaelle,Deutschland,Anzahl,Innerhalb und außerhalb von Ortschaften,2013,3339,73,-,568,1588,11,12,148,11,-,-,354,13,4,-,557,,,,,,,,,,,,,,,,
Statistik der Strassenverkehrsunfaelle,Deutschland,Anzahl,Innerhalb und außerhalb von Ortschaften,2012,3600,93,-,586,1791,3,15,154,18,-,-,406,7,7,-,520,,,,,,,,,,,,,,,,
Statistik der Strassenverkehrsunfaelle,Deutschland,Anzahl,Innerhalb und außerhalb von Ortschaften,2011,4009,70,-,708,1986,10,17,174,18,-,-,399,7,6,-,614,,,,,,,,,,,,,,,,
Statistik der Strassenverkehrsunfaelle,Deutschland,Anzahl,Innerhalb und außerhalb von Ortschaften,2010,3648,74,-,635,1840,32,16,162,19,-,-,381,8,5,-,476,,,,,,,,,,,,,,,,
Statistik der Strassenverkehrsunfaelle,Deutschland,Anzahl,Innerhalb und außerhalb von Ortschaften,2009,4152,99,-,650,2110,12,18,164,18,-,-,462,15,13,-,591,,,,,,,,,,,,,,,,
Statistik der Strassenverkehrsunfaelle,Deutschland,Anzahl,Innerhalb und außerhalb von Ortschaften,2008,4477,110,-,656,2368,10,11,183,17,-,-,456,6,7,-,653,,,,,,,,,,,,,,,,
Statistik der Strassenverkehrsunfaelle,Deutschland,Anzahl,Innerhalb und außerhalb von Ortschaften,2007,4949,100,-,807,2625,26,18,215,17,-,-,425,16,5,-,695,,,,,,,,,,,,,,,,
Statistik der Strassenverkehrsunfaelle,Deutschland,Anzahl,Innerhalb und außerhalb von Ortschaften,2006,5091,107,-,793,2683,12,24,235,20,-,-,486,13,7,-,711,,,,,,,,,,,,,,,,
Statistik der Strassenverkehrsunfaelle,Deutschland,Anzahl,Innerhalb und außerhalb von Ortschaften,2005,5361,107,-,875,2833,9,18,213,17,-,-,575,21,7,-,686,,,,,,,,,,,,,,,,
Statistik der Strassenverkehrsunfaelle,Deutschland,Anzahl,Innerhalb und außerhalb von Ortschaften,2004,5842,122,-,858,3238,16,13,233,21,-,-,475,16,12,-,838,,,,,,,,,,,,,,,,
Statistik der Strassenverkehrsunfaelle,Deutschland,Anzahl,Innerhalb und außerhalb von Ortschaften,2003,6613,134,-,946,3774,17,25,236,31,-,-,616,13,9,-,812,,,,,,,,,,,,,,,,
Statistik der Strassenverkehrsunfaelle,Deutschland,Anzahl,Innerhalb und außerhalb von Ortschaften,2002,6842,131,-,913,4005,12,25,244,27,-,-,583,16,13,-,873,,,,,,,,,,,,,,,,
Statistik der Strassenverkehrsunfaelle,Deutschland,Anzahl,Innerhalb und außerhalb von Ortschaften,2001,6977,138,-,964,4023,11,16,230,27,-,-,635,10,23,-,900,,,,,,,,,,,,,,,,
Statistik der Strassenverkehrsunfaelle,Deutschland,Anzahl,Innerhalb und außerhalb von Ortschaften,2000,7503,157,-,945,4396,9,22,279,19,-,-,659,13,11,-,993,,,,,,,,,,,,,,,,
Statistik der Strassenverkehrsunfaelle,Deutschland,Anzahl,Innerhalb und außerhalb von Ortschaften,1999,7772,147,-,981,4640,20,17,269,24,-,-,662,11,18,-,983,,,,,,,,,,,,,,,,
Statistik der Strassenverkehrsunfaelle,Deutschland,Anzahl,Innerhalb und außerhalb von Ortschaften,1998,7792,147,-,864,4741,2,22,244,24,-,-,637,10,17,-,1084,,,,,,,,,,,,,,,,
Statistik der Strassenverkehrsunfaelle,Deutschland,Anzahl,Innerhalb und außerhalb von Ortschaften,1997,8549,169,-,974,5249,15,23,247,24,-,-,679,11,11,-,1147,,,,,,,,,,,,,,,,
Statistik der Strassenverkehrsunfaelle,Deutschland,Anzahl,Innerhalb und außerhalb von Ortschaften,1996,8758,134,-,864,5622,24,34,247,23,-,-,594,18,20,-,1178,,,,,,,,,,,,,,,,
Statistik der Strassenverkehrsunfaelle,Deutschland,Anzahl,Innerhalb und außerhalb von Ortschaften,1995,9454,183,-,912,5929,18,23,253,27,-,-,751,7,15,-,1336,,,,,,,,,,,,,,,,
Statistik der Strassenverkehrsunfaelle,Deutschland,Anzahl,Innerhalb und außerhalb von Ortschaften,1994,9814,222,-,934,5966,36,26,268,33,-,-,825,15,20,-,1469,,,,,,,,,,,,,,,,
Statistik der Strassenverkehrsunfaelle,Deutschland,Anzahl,Innerhalb und außerhalb von Ortschaften,1993,9949,226,-,885,6128,18,30,219,18,-,-,821,9,15,-,1580,,,,,,,,,,,,,,,,
Statistik der Strassenverkehrsunfaelle,Deutschland,Anzahl,Innerhalb und außerhalb von Ortschaften,1992,10631,251,-,903,6431,58,26,222,32,-,-,906,15,20,-,1767,,,,,,,,,,,,,,,,
Statistik der Strassenverkehrsunfaelle,Deutschland,Anzahl,Innerhalb und außerhalb von Ortschaften,1991,11300,243,-,992,6801,26,34,283,38,-,-,925,9,31,-,1918,,,,,,,,,,,,,,,,
Statistik der Strassenverkehrsunfaelle,Deutschland,Anzahl,Innerhalb und außerhalb von Ortschaften,1990,11046,384,-,1059,6256,23,31,211,24,-,-,908,-,-,37,2113,,,,,,,,,,,,,,,,
Statistik der Strassenverkehrsunfaelle,Deutschland,Anzahl,Innerhalb und außerhalb von Ortschaften,1989,9779,407,-,981,4956,13,32,185,23,-,-,967,-,-,36,2179,,,,,,,,,,,,,,,,
Statistik der Strassenverkehrsunfaelle,Deutschland,Anzahl,Innerhalb und außerhalb von Ortschaften,1988,9862,413,-,1055,4964,36,27,185,20,-,-,898,-,-,25,2239,,,,,,,,,,,,,,,,
Statistik der Strassenverkehrsunfaelle,Deutschland,Anzahl,Innerhalb und außerhalb von Ortschaften,1987,9498,412,-,1129,4655,15,41,152,29,-,-,860,-,-,36,2169,,,,,,,,,,,,,,,,
Statistik der Strassenverkehrsunfaelle,Deutschland,Anzahl,Innerhalb und außerhalb von Ortschaften,1986,10620,522,-,1206,5049,29,48,171,42,-,-,964,-,-,41,2548,,,,,,,,,,,,,,,,
Statistik der Strassenverkehrsunfaelle,Deutschland,Anzahl,Innerhalb und außerhalb von Ortschaften,1985,10070,602,-,1328,4582,49,43,177,26,-,-,931,-,-,33,2299,,,,,,,,,,,,,,,,
Statistik der Strassenverkehrsunfaelle,Deutschland,Anzahl,Innerhalb und außerhalb von Ortschaften,1984,12041,625,-,1484,5612,40,45,215,29,-,-,1148,-,-,27,2816,,,,,,,,,,,,,,,,
Statistik der Strassenverkehrsunfaelle,Deutschland,Anzahl,Innerhalb und außerhalb von Ortschaften,1983,13553,768,-,1654,6487,37,50,224,24,-,-,1239,-,-,30,3040,,,,,,,,,,,,,,,,
Statistik der Strassenverkehrsunfaelle,Deutschland,Anzahl,Innerhalb und außerhalb von Ortschaften,1982,13450,822,-,1786,5990,27,53,250,47,-,-,1261,-,-,29,3185,,,,,,,,,,,,,,,,
Statistik der Strassenverkehrsunfaelle,Deutschland,Anzahl,Innerhalb und außerhalb von Ortschaften,1981,13635,904,-,1642,6210,38,52,243,35,-,-,1242,-,-,35,3234,,,,,,,,,,,,,,,,
Statistik der Strassenverkehrsunfaelle,Deutschland,Anzahl,Innerhalb und außerhalb von Ortschaften,1980,15050,1056,-,1575,6915,49,53,269,32,-,-,1338,-,-,43,3720,,,,,,,,,,,,,,,,
Statistik der Strassenverkehrsunfaelle,Deutschland,Anzahl,Innerhalb und außerhalb von Ortschaften,1979,15558,1135,-,1631,7039,37,71,316,33,-,-,1357,-,-,54,3885,,,,,,,,,,,,,,,,
Statistik der Strassenverkehrsunfaelle,Deutschland,Anzahl,Innerhalb von Ortschaften,2025,960,25,26,80,179,4,1,10,21,166,119,-,5,7,-,317,,,,,,,,,,,,,,,,
Statistik der Strassenverkehrsunfaelle,Deutschland,Anzahl,Innerhalb von Ortschaften,2024,915,20,23,97,151,3,5,12,15,178,100,-,13,6,-,292,,,,,,,,,,,,,,,,
Statistik der Strassenverkehrsunfaelle,Deutschland,Anzahl,Innerhalb von Ortschaften,2023,902,25,16,86,151,6,6,2,13,167,90,-,4,1,-,335,,,,,,,,,,,,,,,,
Statistik der Strassenverkehrsunfaelle,Deutschland,Anzahl,Innerhalb von Ortschaften,2022,881,28,5,87,170,7,3,7,12,176,100,-,8,4,-,274,,,,,,,,,,,,,,,,
Statistik der Strassenverkehrsunfaelle,Deutschland,Anzahl,Innerhalb von Ortschaften,2021,746,24,4,69,156,4,1,10,11,151,49,-,8,0,-,259,,,,,,,,,,,,,,,,
Statistik der Strassenverkehrsunfaelle,Deutschland,Anzahl,Innerhalb von Ortschaften,2020,810,26,-,80,130,6,5,6,18,189,65,-,7,3,-,275,,,,,,,,,,,,,,,,
Statistik der Strassenverkehrsunfaelle,Deutschland,Anzahl,Innerhalb von Ortschaften,2019,932,23,-,101,192,3,6,10,8,218,54,-,8,1,-,308,,,,,,,,,,,,,,,,
Statistik der Strassenverkehrsunfaelle,Deutschland,Anzahl,Innerhalb von Ortschaften,2018,984,43,-,116,180,2,8,11,13,221,34,-,10,3,-,343,,,,,,,,,,,,,,,,
Statistik der Strassenverkehrsunfaelle,Deutschland,Anzahl,Innerhalb von Ortschaften,2017,976,32,-,115,185,2,4,16,11,213,41,-,9,2,-,346,,,,,,,,,,,,,,,,
Statistik der Strassenverkehrsunfaelle,Deutschland,Anzahl,Innerhalb von Ortschaften,2016,960,38,-,101,182,2,2,8,8,212,39,-,8,4,-,356,,,,,,,,,,,,,,,,
Statistik der Strassenverkehrsunfaelle,Deutschland,Anzahl,Innerhalb von Ortschaften,2015,1048,31,-,138,217,4,12,11,7,219,17,-,10,5,-,377,,,,,,,,,,,,,,,,
Statistik der Strassenverkehrsunfaelle,Deutschland,Anzahl,Innerhalb von Ortschaften,2014,983,44,-,122,181,3,9,16,2,214,16,-,5,3,-,368,,,,,,,,,,,,,,,,
Statistik der Strassenverkehrsunfaelle,Deutschland,Anzahl,Innerhalb von Ortschaften,2013,977,25,-,126,174,7,5,15,5,-,-,216,8,3,-,393,,,,,,,,,,,,,,,,
Statistik der Strassenverkehrsunfaelle,Deutschland,Anzahl,Innerhalb von Ortschaften,2012,1062,46,-,135,217,2,3,12,4,-,-,248,3,4,-,388,,,,,,,,,,,,,,,,
Statistik der Strassenverkehrsunfaelle,Deutschland,Anzahl,Innerhalb von Ortschaften,2011,1115,26,-,152,227,5,3,18,9,-,-,239,4,4,-,428,,,,,,,,,,,,,,,,
Statistik der Strassenverkehrsunfaelle,Deutschland,Anzahl,Innerhalb von Ortschaften,2010,1011,29,-,141,244,5,4,16,7,-,-,223,2,2,-,338,,,,,,,,,,,,,,,,
Statistik der Strassenverkehrsunfaelle,Deutschland,Anzahl,Innerhalb von Ortschaften,2009,1225,47,-,143,292,6,5,14,8,-,-,259,8,5,-,438,,,,,,,,,,,,,,,,
Statistik der Strassenverkehrsunfaelle,Deutschland,Anzahl,Innerhalb von Ortschaften,2008,1261,47,-,165,269,4,2,17,6,-,-,278,3,3,-,467,,,,,,,,,,,,,,,,
Statistik der Strassenverkehrsunfaelle,Deutschland,Anzahl,Innerhalb von Ortschaften,2007,1335,38,-,163,337,6,4,16,6,-,-,258,7,3,-,497,,,,,,,,,,,,,,,,
Statistik der Strassenverkehrsunfaelle,Deutschland,Anzahl,Innerhalb von Ortschaften,2006,1384,55,-,201,301,4,7,26,6,-,-,280,3,2,-,499,,,,,,,,,,,,,,,,
Statistik der Strassenverkehrsunfaelle,Deutschland,Anzahl,Innerhalb von Ortschaften,2005,1471,39,-,214,352,1,7,20,5,-,-,339,11,1,-,482,,,,,,,,,,,,,,,,
Statistik der Strassenverkehrsunfaelle,Deutschland,Anzahl,Innerhalb von Ortschaften,2004,1484,58,-,184,356,7,3,20,9,-,-,268,7,8,-,564,,,,,,,,,,,,,,,,
Statistik der Strassenverkehrsunfaelle,Deutschland,Anzahl,Innerhalb von Ortschaften,2003,1646,57,-,189,414,5,2,18,10,-,-,368,4,1,-,578,,,,,,,,,,,,,,,,
Statistik der Strassenverkehrsunfaelle,Deutschland,Anzahl,Innerhalb von Ortschaften,2002,1684,58,-,194,484,3,5,21,11,-,-,324,8,2,-,574,,,,,,,,,,,,,,,,
Statistik der Strassenverkehrsunfaelle,Deutschland,Anzahl,Innerhalb von Ortschaften,2001,1726,58,-,186,448,4,5,16,6,-,-,370,5,6,-,622,,,,,,,,,,,,,,,,
Statistik der Strassenverkehrsunfaelle,Deutschland,Anzahl,Innerhalb von Ortschaften,2000,1829,70,-,200,496,4,7,22,7,-,-,372,4,2,-,645,,,,,,,,,,,,,,,,
Statistik der Strassenverkehrsunfaelle,Deutschland,Anzahl,Innerhalb von Ortschaften,1999,1878,63,-,221,520,8,3,24,7,-,-,364,6,5,-,657,,,,,,,,,,,,,,,,
Statistik der Strassenverkehrsunfaelle,Deutschland,Anzahl,Innerhalb von Ortschaften,1998,1908,49,-,201,523,1,2,33,10,-,-,349,4,4,-,732,,,,,,,,,,,,,,,,
Statistik der Strassenverkehrsunfaelle,Deutschland,Anzahl,Innerhalb von Ortschaften,1997,2064,61,-,203,603,4,3,27,10,-,-,399,5,4,-,745,,,,,,,,,,,,,,,,
Statistik der Strassenverkehrsunfaelle,Deutschland,Anzahl,Innerhalb von Ortschaften,1996,2131,64,-,193,700,6,7,25,8,-,-,314,9,6,-,799,,,,,,,,,,,,,,,,
Statistik der Strassenverkehrsunfaelle,Deutschland,Anzahl,Innerhalb von Ortschaften,1995,2435,74,-,213,765,4,5,34,12,-,-,429,5,4,-,890,,,,,,,,,,,,,,,,
Statistik der Strassenverkehrsunfaelle,Deutschland,Anzahl,Innerhalb von Ortschaften,1994,2594,75,-,231,767,5,6,29,13,-,-,455,11,14,-,988,,,,,,,,,,,,,,,,
Statistik der Strassenverkehrsunfaelle,Deutschland,Anzahl,Innerhalb von Ortschaften,1993,2832,99,-,212,888,6,7,33,7,-,-,459,5,5,-,1111,,,,,,,,,,,,,,,,
Statistik der Strassenverkehrsunfaelle,Deutschland,Anzahl,Innerhalb von Ortschaften,1992,3109,103,-,226,957,7,4,30,13,-,-,519,9,7,-,1234,,,,,,,,,,,,,,,,
Statistik der Strassenverkehrsunfaelle,Deutschland,Anzahl,Innerhalb von Ortschaften,1991,3349,100,-,278,1071,6,11,38,9,-,-,487,4,14,-,1331,,,,,,,,,,,,,,,,
Statistik der Strassenverkehrsunfaelle,Deutschland,Anzahl,Innerhalb von Ortschaften,1990,3361,176,-,307,828,10,5,28,9,-,-,520,-,-,18,1460,,,,,,,,,,,,,,,,
Statistik der Strassenverkehrsunfaelle,Deutschland,Anzahl,Innerhalb von Ortschaften,1989,3238,168,-,264,648,4,6,28,9,-,-,507,-,-,17,1587,,,,,,,,,,,,,,,,
Statistik der Strassenverkehrsunfaelle,Deutschland,Anzahl,Innerhalb von Ortschaften,1988,3385,182,-,316,692,12,5,36,7,-,-,504,-,-,13,1618,,,,,,,,,,,,,,,,
Statistik der Strassenverkehrsunfaelle,Deutschland,Anzahl,Innerhalb von Ortschaften,1987,3427,175,-,358,704,7,4,31,10,-,-,488,-,-,20,1630,,,,,,,,,,,,,,,,
Statistik der Strassenverkehrsunfaelle,Deutschland,Anzahl,Innerhalb von Ortschaften,1986,3953,239,-,381,771,7,9,27,13,-,-,556,-,-,20,1930,,,,,,,,,,,,,,,,
Statistik der Strassenverkehrsunfaelle,Deutschland,Anzahl,Innerhalb von Ortschaften,1985,3723,278,-,420,697,7,12,41,7,-,-,531,-,-,12,1718,,,,,,,,,,,,,,,,
Statistik der Strassenverkehrsunfaelle,Deutschland,Anzahl,Innerhalb von Ortschaften,1984,4609,277,-,556,936,8,12,43,15,-,-,633,-,-,13,2116,,,,,,,,,,,,,,,,
Statistik der Strassenverkehrsunfaelle,Deutschland,Anzahl,Innerhalb von Ortschaften,1983,5186,366,-,633,1149,17,11,45,9,-,-,683,-,-,16,2257,,,,,,,,,,,,,,,,
Statistik der Strassenverkehrsunfaelle,Deutschland,Anzahl,Innerhalb von Ortschaften,1982,5297,381,-,630,1092,14,13,47,16,-,-,716,-,-,13,2375,,,,,,,,,,,,,,,,
Statistik der Strassenverkehrsunfaelle,Deutschland,Anzahl,Innerhalb von Ortschaften,1981,5568,426,-,640,1243,14,10,47,15,-,-,703,-,-,21,2449,,,,,,,,,,,,,,,,
Statistik der Strassenverkehrsunfaelle,Deutschland,Anzahl,Innerhalb von Ortschaften,1980,6131,504,-,628,1367,18,16,69,12,-,-,743,-,-,22,2752,,,,,,,,,,,,,,,,
Statistik der Strassenverkehrsunfaelle,Deutschland,Anzahl,Innerhalb von Ortschaften,1979,6265,533,-,671,1343,10,19,75,12,-,-,750,-,-,20,2832,,,,,,,,,,,,,,,,
Statistik der Strassenverkehrsunfaelle,Deutschland,Anzahl,Außerhalb von Ortschaften,2025,1872,30,7,401,1031,3,6,105,10,82,95,-,4,0,-,98,,,,,,,,,,,,,,,,
Statistik der Strassenverkehrsunfaelle,Deutschland,Anzahl,Außerhalb von Ortschaften,2024,1855,21,4,416,1014,5,6,91,12,72,95,-,6,3,-,110,,,,,,,,,,,,,,,,
Statistik der Strassenverkehrsunfaelle,Deutschland,Anzahl,Außerhalb von Ortschaften,2023,1937,28,5,411,1041,10,12,113,18,89,100,-,4,4,-,102,,,,,,,,,,,,,,,,
Statistik der Strassenverkehrsunfaelle,Deutschland,Anzahl,Außerhalb von Ortschaften,2022,1907,29,5,405,1022,1,18,120,9,90,108,-,3,3,-,94,,,,,,,,,,,,,,,,
Statistik der Strassenverkehrsunfaelle,Deutschland,Anzahl,Außerhalb von Ortschaften,2021,1816,32,1,404,962,1,15,130,11,90,82,-,3,1,-,84,,,,,,,,,,,,,,,,
Statistik der Strassenverkehrsunfaelle,Deutschland,Anzahl,Außerhalb von Ortschaften,2020,1909,27,-,419,1040,4,15,118,11,95,77,-,2,0,-,101,,,,,,,,,,,,,,,,
Statistik der Strassenverkehrsunfaelle,Deutschland,Anzahl,Außerhalb von Ortschaften,2019,2114,40,-,441,1172,4,13,142,12,109,64,-,5,3,-,109,,,,,,,,,,,,,,,,
Statistik der Strassenverkehrsunfaelle,Deutschland,Anzahl,Außerhalb von Ortschaften,2018,2291,35,-,503,1244,7,12,163,11,135,55,-,8,3,-,115,,,,,,,,,,,,,,,,
Statistik der Strassenverkehrsunfaelle,Deutschland,Anzahl,Außerhalb von Ortschaften,2017,2204,27,-,468,1249,20,11,151,7,101,27,-,2,4,-,137,,,,,,,,,,,,,,,,
Statistik der Strassenverkehrsunfaelle,Deutschland,Anzahl,Außerhalb von Ortschaften,2016,2246,30,-,435,1349,2,7,125,11,119,23,-,5,6,-,134,,,,,,,,,,,,,,,,
Statistik der Strassenverkehrsunfaelle,Deutschland,Anzahl,Außerhalb von Ortschaften,2015,2411,31,-,501,1403,1,13,135,12,128,19,-,5,3,-,160,,,,,,,,,,,,,,,,
Statistik der Strassenverkehrsunfaelle,Deutschland,Anzahl,Außerhalb von Ortschaften,2014,2394,43,-,465,1394,10,18,127,10,143,23,-,5,1,-,155,,,,,,,,,,,,,,,,
Statistik der Strassenverkehrsunfaelle,Deutschland,Anzahl,Außerhalb von Ortschaften,2013,2362,48,-,442,1414,4,7,133,6,-,-,138,5,1,-,164,,,,,,,,,,,,,,,,
Statistik der Strassenverkehrsunfaelle,Deutschland,Anzahl,Außerhalb von Ortschaften,2012,2538,47,-,451,1574,1,12,142,14,-,-,158,4,3,-,132,,,,,,,,,,,,,,,,
Statistik der Strassenverkehrsunfaelle,Deutschland,Anzahl,Außerhalb von Ortschaften,2011,2894,44,-,556,1759,5,14,156,9,-,-,160,3,2,-,186,,,,,,,,,,,,,,,,
Statistik der Strassenverkehrsunfaelle,Deutschland,Anzahl,Außerhalb von Ortschaften,2010,2637,45,-,494,1596,27,12,146,12,-,-,158,6,3,-,138,,,,,,,,,,,,,,,,
Statistik der Strassenverkehrsunfaelle,Deutschland,Anzahl,Außerhalb von Ortschaften,2009,2927,52,-,507,1818,6,13,150,10,-,-,203,7,8,-,153,,,,,,,,,,,,,,,,
Statistik der Strassenverkehrsunfaelle,Deutschland,Anzahl,Außerhalb von Ortschaften,2008,3216,63,-,491,2099,6,9,166,11,-,-,178,3,4,-,186,,,,,,,,,,,,,,,,
Statistik der Strassenverkehrsunfaelle,Deutschland,Anzahl,Außerhalb von Ortschaften,2007,3614,62,-,644,2288,20,14,199,11,-,-,167,9,2,-,198,,,,,,,,,,,,,,,,
Statistik der Strassenverkehrsunfaelle,Deutschland,Anzahl,Außerhalb von Ortschaften,2006,3707,52,-,592,2382,8,17,209,14,-,-,206,10,5,-,212,,,,,,,,,,,,,,,,
Statistik der Strassenverkehrsunfaelle,Deutschland,Anzahl,Außerhalb von Ortschaften,2005,3890,68,-,661,2481,8,11,193,12,-,-,236,10,6,-,204,,,,,,,,,,,,,,,,
Statistik der Strassenverkehrsunfaelle,Deutschland,Anzahl,Außerhalb von Ortschaften,2004,4358,64,-,674,2882,9,10,213,12,-,-,207,9,4,-,274,,,,,,,,,,,,,,,,
Statistik der Strassenverkehrsunfaelle,Deutschland,Anzahl,Außerhalb von Ortschaften,2003,4967,77,-,757,3360,12,23,218,21,-,-,248,9,8,-,234,,,,,,,,,,,,,,,,
Statistik der Strassenverkehrsunfaelle,Deutschland,Anzahl,Außerhalb von Ortschaften,2002,5158,73,-,719,3521,9,20,223,16,-,-,259,8,11,-,299,,,,,,,,,,,,,,,,
Statistik der Strassenverkehrsunfaelle,Deutschland,Anzahl,Außerhalb von Ortschaften,2001,5251,80,-,778,3575,7,11,214,21,-,-,265,5,17,-,278,,,,,,,,,,,,,,,,
Statistik der Strassenverkehrsunfaelle,Deutschland,Anzahl,Außerhalb von Ortschaften,2000,5674,87,-,745,3900,5,15,257,12,-,-,287,9,9,-,348,,,,,,,,,,,,,,,,
Statistik der Strassenverkehrsunfaelle,Deutschland,Anzahl,Außerhalb von Ortschaften,1999,5894,84,-,760,4120,12,14,245,17,-,-,298,5,13,-,326,,,,,,,,,,,,,,,,
Statistik der Strassenverkehrsunfaelle,Deutschland,Anzahl,Außerhalb von Ortschaften,1998,5884,98,-,663,4218,1,20,211,14,-,-,288,6,13,-,352,,,,,,,,,,,,,,,,
Statistik der Strassenverkehrsunfaelle,Deutschland,Anzahl,Außerhalb von Ortschaften,1997,6485,108,-,771,4646,11,20,220,14,-,-,280,6,7,-,402,,,,,,,,,,,,,,,,
Statistik der Strassenverkehrsunfaelle,Deutschland,Anzahl,Außerhalb von Ortschaften,1996,6627,70,-,671,4922,18,27,222,15,-,-,280,9,14,-,379,,,,,,,,,,,,,,,,
Statistik der Strassenverkehrsunfaelle,Deutschland,Anzahl,Außerhalb von Ortschaften,1995,7019,109,-,699,5164,14,18,219,15,-,-,322,2,11,-,446,,,,,,,,,,,,,,,,
Statistik der Strassenverkehrsunfaelle,Deutschland,Anzahl,Außerhalb von Ortschaften,1994,7220,147,-,703,5199,31,20,239,20,-,-,370,4,6,-,481,,,,,,,,,,,,,,,,
Statistik der Strassenverkehrsunfaelle,Deutschland,Anzahl,Außerhalb von Ortschaften,1993,7117,127,-,673,5240,12,23,186,11,-,-,362,4,10,-,469,,,,,,,,,,,,,,,,
Statistik der Strassenverkehrsunfaelle,Deutschland,Anzahl,Außerhalb von Ortschaften,1992,7522,148,-,677,5474,51,22,192,19,-,-,387,6,13,-,533,,,,,,,,,,,,,,,,
Statistik der Strassenverkehrsunfaelle,Deutschland,Anzahl,Außerhalb von Ortschaften,1991,7951,143,-,714,5730,20,23,245,29,-,-,438,5,17,-,587,,,,,,,,,,,,,,,,
Statistik der Strassenverkehrsunfaelle,Deutschland,Anzahl,Außerhalb von Ortschaften,1990,7685,208,-,752,5428,13,26,183,15,-,-,388,-,-,19,653,,,,,,,,,,,,,,,,
Statistik der Strassenverkehrsunfaelle,Deutschland,Anzahl,Außerhalb von Ortschaften,1989,6541,239,-,717,4308,9,26,157,14,-,-,460,-,-,19,592,,,,,,,,,,,,,,,,
Statistik der Strassenverkehrsunfaelle,Deutschland,Anzahl,Außerhalb von Ortschaften,1988,6477,231,-,739,4272,24,22,149,13,-,-,394,-,-,12,621,,,,,,,,,,,,,,,,
Statistik der Strassenverkehrsunfaelle,Deutschland,Anzahl,Außerhalb von Ortschaften,1987,6071,237,-,771,3951,8,37,121,19,-,-,372,-,-,16,539,,,,,,,,,,,,,,,,
Statistik der Strassenverkehrsunfaelle,Deutschland,Anzahl,Außerhalb von Ortschaften,1986,6667,283,-,825,4278,22,39,144,29,-,-,408,-,-,21,618,,,,,,,,,,,,,,,,
Statistik der Strassenverkehrsunfaelle,Deutschland,Anzahl,Außerhalb von Ortschaften,1985,6347,324,-,908,3885,42,31,136,19,-,-,400,-,-,21,581,,,,,,,,,,,,,,,,
Statistik der Strassenverkehrsunfaelle,Deutschland,Anzahl,Außerhalb von Ortschaften,1984,7432,348,-,928,4676,32,33,172,14,-,-,515,-,-,14,700,,,,,,,,,,,,,,,,
Statistik der Strassenverkehrsunfaelle,Deutschland,Anzahl,Außerhalb von Ortschaften,1983,8367,402,-,1021,5338,20,39,179,15,-,-,556,-,-,14,783,,,,,,,,,,,,,,,,
Statistik der Strassenverkehrsunfaelle,Deutschland,Anzahl,Außerhalb von Ortschaften,1982,8153,441,-,1156,4898,13,40,203,31,-,-,545,-,-,16,810,,,,,,,,,,,,,,,,
Statistik der Strassenverkehrsunfaelle,Deutschland,Anzahl,Außerhalb von Ortschaften,1981,8067,478,-,1002,4967,24,42,196,20,-,-,539,-,-,14,785,,,,,,,,,,,,,,,,
Statistik der Strassenverkehrsunfaelle,Deutschland,Anzahl,Außerhalb von Ortschaften,1980,8919,552,-,947,5548,31,37,200,20,-,-,595,-,-,21,968,,,,,,,,,,,,,,,,
Statistik der Strassenverkehrsunfaelle,Deutschland,Anzahl,Außerhalb von Ortschaften,1979,9293,602,-,960,5696,27,52,241,21,-,-,607,-,-,34,1053,,,,,,,,,,,,,,,,
,,,,,,,,,,,,,,,,,,,,,,,,,,,,,,,,,,,,
,,,,,,,,,,,,,,,,,,,,,,,,,,,,,,,,,,,,
,,,,,,,,,,,,,,,,,,,,,,,,,,,,,,,,,,,,
,,,,,,,,,,,,,,,,,,,,,,,,,,,,,,,,,,,,
,,,,,,,,,,,,,,,,,,,,,,,,,,,,,,,,,,,,
,,,,,,,,,,,,,,,,,,,,,,,,,,,,,,,,,,,,
,,,,,,,,,,,,,,,,,,,,,,,,,,,,,,,,,,,,
,,,,,,,,,,,,,,,,,,,,,,,,,,,,,,,,,,,,
,,,,,,,,,,,,,,,,,,,,,,,,,,,,,,,,,,,,
,,,,,,,,,,,,,,,,,,,,,,,,,,,,,,,,,,,,
,,,,,,,,,,,,,,,,,,,,,,,,,,,,,,,,,,,,
,,,,,,,,,,,,,,,,,,,,,,,,,,,,,,,,,,,,
,,,,,,,,,,,,,,,,,,,,,,,,,,,,,,,,,,,,
,,,,,,,,,,,,,,,,,,,,,,,,,,,,,,,,,,,,
,,,,,,,,,,,,,,,,,,,,,,,,,,,,,,,,,,,,
,,,,,,,,,,,,,,,,,,,,,,,,,,,,,,,,,,,,
,,,,,,,,,,,,,,,,,,,,,,,,,,,,,,,,,,,,
,,,,,,,,,,,,,,,,,,,,,,,,,,,,,,,,,,,,
,,,,,,,,,,,,,,,,,,,,,,,,,,,,,,,,,,,,
,,,,,,,,,,,,,,,,,,,,,,,,,,,,,,,,,,,,
,,,,,,,,,,,,,,,,,,,,,,,,,,,,,,,,,,,,
,,,,,,,,,,,,,,,,,,,,,,,,,,,,,,,,,,,,
,,,,,,,,,,,,,,,,,,,,,,,,,,,,,,,,,,,,
,,,,,,,,,,,,,,,,,,,,,,,,,,,,,,,,,,,,
,,,,,,,,,,,,,,,,,,,,,,,,,,,,,,,,,,,,
,,,,,,,,,,,,,,,,,,,,,,,,,,,,,,,,,,,,
,,,,,,,,,,,,,,,,,,,,,,,,,,,,,,,,,,,,
,,,,,,,,,,,,,,,,,,,,,,,,,,,,,,,,,,,,
,,,,,,,,,,,,,,,,,,,,,,,,,,,,,,,,,,,,
,,,,,,,,,,,,,,,,,,,,,,,,,,,,,,,,,,,,
,,,,,,,,,,,,,,,,,,,,,,,,,,,,,,,,,,,,
,,,,,,,,,,,,,,,,,,,,,,,,,,,,,,,,,,,,
,,,,,,,,,,,,,,,,,,,,,,,,,,,,,,,,,,,,
,,,,,,,,,,,,,,,,,,,,,,,,,,,,,,,,,,,,
,,,,,,,,,,,,,,,,,,,,,,,,,,,,,,,,,,,,
,,,,,,,,,,,,,,,,,,,,,,,,,,,,,,,,,,,,
,,,,,,,,,,,,,,,,,,,,,,,,,,,,,,,,,,,,
,,,,,,,,,,,,,,,,,,,,,,,,,,,,,,,,,,,,
,,,,,,,,,,,,,,,,,,,,,,,,,,,,,,,,,,,,
,,,,,,,,,,,,,,,,,,,,,,,,,,,,,,,,,,,,
,,,,,,,,,,,,,,,,,,,,,,,,,,,,,,,,,,,,
,,,,,,,,,,,,,,,,,,,,,,,,,,,,,,,,,,,,
,,,,,,,,,,,,,,,,,,,,,,,,,,,,,,,,,,,,
,,,,,,,,,,,,,,,,,,,,,,,,,,,,,,,,,,,,
,,,,,,,,,,,,,,,,,,,,,,,,,,,,,,,,,,,,
,,,,,,,,,,,,,,,,,,,,,,,,,,,,,,,,,,,,
,,,,,,,,,,,,,,,,,,,,,,,,,,,,,,,,,,,,
,,,,,,,,,,,,,,,,,,,,,,,,,,,,,,,,,,,,
,,,,,,,,,,,,,,,,,,,,,,,,,,,,,,,,,,,,
,,,,,,,,,,,,,,,,,,,,,,,,,,,,,,,,,,,,
,,,,,,,,,,,,,,,,,,,,,,,,,,,,,,,,,,,,
,,,,,,,,,,,,,,,,,,,,,,,,,,,,,,,,,,,,
,,,,,,,,,,,,,,,,,,,,,,,,,,,,,,,,,,,,
,,,,,,,,,,,,,,,,,,,,,,,,,,,,,,,,,,,,
,,,,,,,,,,,,,,,,,,,,,,,,,,,,,,,,,,,,
,,,,,,,,,,,,,,,,,,,,,,,,,,,,,,,,,,,,
,,,,,,,,,,,,,,,,,,,,,,,,,,,,,,,,,,,,
,,,,,,,,,,,,,,,,,,,,,,,,,,,,,,,,,,,,
,,,,,,,,,,,,,,,,,,,,,,,,,,,,,,,,,,,,
,,,,,,,,,,,,,,,,,,,,,,,,,,,,,,,,,,,,
,,,,,,,,,,,,,,,,,,,,,,,,,,,,,,,,,,,,
,,,,,,,,,,,,,,,,,,,,,,,,,,,,,,,,,,,,
,,,,,,,,,,,,,,,,,,,,,,,,,,,,,,,,,,,,
,,,,,,,,,,,,,,,,,,,,,,,,,,,,,,,,,,,,
,,,,,,,,,,,,,,,,,,,,,,,,,,,,,,,,,,,,
,,,,,,,,,,,,,,,,,,,,,,,,,,,,,,,,,,,,
,,,,,,,,,,,,,,,,,,,,,,,,,,,,,,,,,,,,
,,,,,,,,,,,,,,,,,,,,,,,,,,,,,,,,,,,,
,,,,,,,,,,,,,,,,,,,,,,,,,,,,,,,,,,,,
,,,,,,,,,,,,,,,,,,,,,,,,,,,,,,,,,,,,
,,,,,,,,,,,,,,,,,,,,,,,,,,,,,,,,,,,,
,,,,,,,,,,,,,,,,,,,,,,,,,,,,,,,,,,,,
,,,,,,,,,,,,,,,,,,,,,,,,,,,,,,,,,,,,
,,,,,,,,,,,,,,,,,,,,,,,,,,,,,,,,,,,,
,,,,,,,,,,,,,,,,,,,,,,,,,,,,,,,,,,,,
,,,,,,,,,,,,,,,,,,,,,,,,,,,,,,,,,,,,
,,,,,,,,,,,,,,,,,,,,,,,,,,,,,,,,,,,,
,,,,,,,,,,,,,,,,,,,,,,,,,,,,,,,,,,,,
,,,,,,,,,,,,,,,,,,,,,,,,,,,,,,,,,,,,
,,,,,,,,,,,,,,,,,,,,,,,,,,,,,,,,,,,,
,,,,,,,,,,,,,,,,,,,,,,,,,,,,,,,,,,,,
,,,,,,,,,,,,,,,,,,,,,,,,,,,,,,,,,,,,
,,,,,,,,,,,,,,,,,,,,,,,,,,,,,,,,,,,,
,,,,,,,,,,,,,,,,,,,,,,,,,,,,,,,,,,,,
,,,,,,,,,,,,,,,,,,,,,,,,,,,,,,,,,,,,
,,,,,,,,,,,,,,,,,,,,,,,,,,,,,,,,,,,,
,,,,,,,,,,,,,,,,,,,,,,,,,,,,,,,,,,,,
,,,,,,,,,,,,,,,,,,,,,,,,,,,,,,,,,,,,
,,,,,,,,,,,,,,,,,,,,,,,,,,,,,,,,,,,,
,,,,,,,,,,,,,,,,,,,,,,,,,,,,,,,,,,,,
,,,,,,,,,,,,,,,,,,,,,,,,,,,,,,,,,,,,
,,,,,,,,,,,,,,,,,,,,,,,,,,,,,,,,,,,,
,,,,,,,,,,,,,,,,,,,,,,,,,,,,,,,,,,,,
,,,,,,,,,,,,,,,,,,,,,,,,,,,,,,,,,,,,
,,,,,,,,,,,,,,,,,,,,,,,,,,,,,,,,,,,,
,,,,,,,,,,,,,,,,,,,,,,,,,,,,,,,,,,,,
,,,,,,,,,,,,,,,,,,,,,,,,,,,,,,,,,,,,
,,,,,,,,,,,,,,,,,,,,,,,,,,,,,,,,,,,,
,,,,,,,,,,,,,,,,,,,,,,,,,,,,,,,,,,,,
,,,,,,,,,,,,,,,,,,,,,,,,,,,,,,,,,,,,
,,,,,,,,,,,,,,,,,,,,,,,,,,,,,,,,,,,,
,,,,,,,,,,,,,,,,,,,,,,,,,,,,,,,,,,,,
,,,,,,,,,,,,,,,,,,,,,,,,,,,,,,,,,,,,
,,,,,,,,,,,,,,,,,,,,,,,,,,,,,,,,,,,,
,,,,,,,,,,,,,,,,,,,,,,,,,,,,,,,,,,,,
,,,,,,,,,,,,,,,,,,,,,,,,,,,,,,,,,,,,
,,,,,,,,,,,,,,,,,,,,,,,,,,,,,,,,,,,,
,,,,,,,,,,,,,,,,,,,,,,,,,,,,,,,,,,,,
,,,,,,,,,,,,,,,,,,,,,,,,,,,,,,,,,,,,
,,,,,,,,,,,,,,,,,,,,,,,,,,,,,,,,,,,,
,,,,,,,,,,,,,,,,,,,,,,,,,,,,,,,,,,,,
,,,,,,,,,,,,,,,,,,,,,,,,,,,,,,,,,,,,
,,,,,,,,,,,,,,,,,,,,,,,,,,,,,,,,,,,,
,,,,,,,,,,,,,,,,,,,,,,,,,,,,,,,,,,,,
,,,,,,,,,,,,,,,,,,,,,,,,,,,,,,,,,,,,
,,,,,,,,,,,,,,,,,,,,,,,,,,,,,,,,,,,,
,,,,,,,,,,,,,,,,,,,,,,,,,,,,,,,,,,,,
,,,,,,,,,,,,,,,,,,,,,,,,,,,,,,,,,,,,
,,,,,,,,,,,,,,,,,,,,,,,,,,,,,,,,,,,,
,,,,,,,,,,,,,,,,,,,,,,,,,,,,,,,,,,,,
,,,,,,,,,,,,,,,,,,,,,,,,,,,,,,,,,,,,
,,,,,,,,,,,,,,,,,,,,,,,,,,,,,,,,,,,,
,,,,,,,,,,,,,,,,,,,,,,,,,,,,,,,,,,,,
,,,,,,,,,,,,,,,,,,,,,,,,,,,,,,,,,,,,
,,,,,,,,,,,,,,,,,,,,,,,,,,,,,,,,,,,,
,,,,,,,,,,,,,,,,,,,,,,,,,,,,,,,,,,,,
,,,,,,,,,,,,,,,,,,,,,,,,,,,,,,,,,,,,
,,,,,,,,,,,,,,,,,,,,,,,,,,,,,,,,,,,,
,,,,,,,,,,,,,,,,,,,,,,,,,,,,,,,,,,,,
,,,,,,,,,,,,,,,,,,,,,,,,,,,,,,,,,,,,
,,,,,,,,,,,,,,,,,,,,,,,,,,,,,,,,,,,,
,,,,,,,,,,,,,,,,,,,,,,,,,,,,,,,,,,,,
,,,,,,,,,,,,,,,,,,,,,,,,,,,,,,,,,,,,
,,,,,,,,,,,,,,,,,,,,,,,,,,,,,,,,,,,,
,,,,,,,,,,,,,,,,,,,,,,,,,,,,,,,,,,,,
,,,,,,,,,,,,,,,,,,,,,,,,,,,,,,,,,,,,
,,,,,,,,,,,,,,,,,,,,,,,,,,,,,,,,,,,,
,,,,,,,,,,,,,,,,,,,,,,,,,,,,,,,,,,,,
,,,,,,,,,,,,,,,,,,,,,,,,,,,,,,,,,,,,
,,,,,,,,,,,,,,,,,,,,,,,,,,,,,,,,,,,,
,,,,,,,,,,,,,,,,,,,,,,,,,,,,,,,,,,,,
,,,,,,,,,,,,,,,,,,,,,,,,,,,,,,,,,,,,
,,,,,,,,,,,,,,,,,,,,,,,,,,,,,,,,,,,,
,,,,,,,,,,,,,,,,,,,,,,,,,,,,,,,,,,,,
,,,,,,,,,,,,,,,,,,,,,,,,,,,,,,,,,,,,
,,,,,,,,,,,,,,,,,,,,,,,,,,,,,,,,,,,,
,,,,,,,,,,,,,,,,,,,,,,,,,,,,,,,,,,,,
,,,,,,,,,,,,,,,,,,,,,,,,,,,,,,,,,,,,
,,,,,,,,,,,,,,,,,,,,,,,,,,,,,,,,,,,,
,,,,,,,,,,,,,,,,,,,,,,,,,,,,,,,,,,,,
,,,,,,,,,,,,,,,,,,,,,,,,,,,,,,,,,,,,
,,,,,,,,,,,,,,,,,,,,,,,,,,,,,,,,,,,,
,,,,,,,,,,,,,,,,,,,,,,,,,,,,,,,,,,,,
,,,,,,,,,,,,,,,,,,,,,,,,,,,,,,,,,,,,
,,,,,,,,,,,,,,,,,,,,,,,,,,,,,,,,,,,,
,,,,,,,,,,,,,,,,,,,,,,,,,,,,,,,,,,,,
,,,,,,,,,,,,,,,,,,,,,,,,,,,,,,,,,,,,
,,,,,,,,,,,,,,,,,,,,,,,,,,,,,,,,,,,,
,,,,,,,,,,,,,,,,,,,,,,,,,,,,,,,,,,,,
,,,,,,,,,,,,,,,,,,,,,,,,,,,,,,,,,,,,
,,,,,,,,,,,,,,,,,,,,,,,,,,,,,,,,,,,,
,,,,,,,,,,,,,,,,,,,,,,,,,,,,,,,,,,,,
,,,,,,,,,,,,,,,,,,,,,,,,,,,,,,,,,,,,
,,,,,,,,,,,,,,,,,,,,,,,,,,,,,,,,,,,,
,,,,,,,,,,,,,,,,,,,,,,,,,,,,,,,,,,,,
,,,,,,,,,,,,,,,,,,,,,,,,,,,,,,,,,,,,
,,,,,,,,,,,,,,,,,,,,,,,,,,,,,,,,,,,,
,,,,,,,,,,,,,,,,,,,,,,,,,,,,,,,,,,,,
,,,,,,,,,,,,,,,,,,,,,,,,,,,,,,,,,,,,
,,,,,,,,,,,,,,,,,,,,,,,,,,,,,,,,,,,,
,,,,,,,,,,,,,,,,,,,,,,,,,,,,,,,,,,,,
,,,,,,,,,,,,,,,,,,,,,,,,,,,,,,,,,,,,
,,,,,,,,,,,,,,,,,,,,,,,,,,,,,,,,,,,,
,,,,,,,,,,,,,,,,,,,,,,,,,,,,,,,,,,,,
,,,,,,,,,,,,,,,,,,,,,,,,,,,,,,,,,,,,
,,,,,,,,,,,,,,,,,,,,,,,,,,,,,,,,,,,,
,,,,,,,,,,,,,,,,,,,,,,,,,,,,,,,,,,,,
,,,,,,,,,,,,,,,,,,,,,,,,,,,,,,,,,,,,
,,,,,,,,,,,,,,,,,,,,,,,,,,,,,,,,,,,,
,,,,,,,,,,,,,,,,,,,,,,,,,,,,,,,,,,,,
,,,,,,,,,,,,,,,,,,,,,,,,,,,,,,,,,,,,
,,,,,,,,,,,,,,,,,,,,,,,,,,,,,,,,,,,,
,,,,,,,,,,,,,,,,,,,,,,,,,,,,,,,,,,,,
,,,,,,,,,,,,,,,,,,,,,,,,,,,,,,,,,,,,
,,,,,,,,,,,,,,,,,,,,,,,,,,,,,,,,,,,,
,,,,,,,,,,,,,,,,,,,,,,,,,,,,,,,,,,,,
