seq,lon,lat
0,8.17921,48.093533
1,8.195079,48.076036
2,8.212087,48.056708
3,8.230642,48.04739
4,8.275564,48.04975
5,8.291515,48.04682
6,8.305919,48.038113
7,8.313975,48.027289
8,8.320486,48.015163
9,8.329356,48.002387
10,8.336111,47.998969
11,8.345388,47.998114
12,8.36378,47.998969
13,8.372,47.997423
14,8.37672,47.993598
15,8.381033,47.989081
16,8.387706,47.985378
17,8.419363,47.97956
18,8.435476,47.973171
19,8.442312,47.961493
20,8.44573,47.944892
21,8.455333,47.93419
22,8.47047,47.92947
23,8.490001,47.930732
24,8.508311,47.938788
25,8.519705,47.947781
26,8.530935,47.949083
27,8.548757,47.934434
28,8.562755,47.92654
29,8.597179,47.923692
30,8.614268,47.91706
31,8.639089,47.927354
32,8.764415,47.938178
33,8.764089,47.957831
34,8.781749,47.971544
35,8.844737,48.00198
36,8.894786,48.040595
37,8.918956,48.035468
38,8.927013,48.029975
39,8.914561,48.020087
40,8.914561,48.012641
41,8.942312,48.0185
42,8.956798,48.023261
43,8.963145,48.030056
44,8.961599,48.036811
45,8.959239,48.039903
46,8.959972,48.043158
47,8.967214,48.050482
48,8.974376,48.053046
49,8.993337,48.054714
50,8.997244,48.057644
51,9.013682,48.077989
52,9.050059,48.090888
53,9.087657,48.093126
54,9.107107,48.08157
55,9.114513,48.08157
56,9.123709,48.087714
57,9.138601,48.086982
58,9.172618,48.08157
59,9.180919,48.082709
60,9.202647,48.088975
61,9.210867,48.088202
62,9.214529,48.086249
63,9.217296,48.083808
64,9.223155,48.08157
65,9.34669,48.067328
66,9.377126,48.073065
67,9.402599,48.087348
68,9.462657,48.141954
69,9.511892,48.205105
70,9.518565,48.211859
71,9.524587,48.223456
72,9.530447,48.232123
73,9.538992,48.239081
74,9.552745,48.245429
75,9.568126,48.248481
76,9.58489,48.248481
77,9.607921,48.245429
78,9.631277,48.239285
79,9.640147,48.238552
80,9.670339,48.239936
81,9.683767,48.238796
82,9.696707,48.239569
83,9.710378,48.245429
84,9.743663,48.272773
85,9.75823,48.280788
86,9.772878,48.284613
87,9.819591,48.287055
88,9.833995,48.291938
89,9.855154,48.307318
90,9.867442,48.314276
91,9.909597,48.326687
92,9.915782,48.327948
93,9.943126,48.346503
94,10.036388,48.433295
95,10.046153,48.437812
96,10.068044,48.442939
97,10.175792,48.451483
98,10.196544,48.456
99,10.234386,48.469753
100,10.313975,48.480292
101,10.370128,48.498155
102,10.387462,48.508734
103,10.394949,48.52322
104,10.399669,48.546454
105,10.412039,48.561469
106,10.429617,48.57038
107,10.570811,48.600857
108,10.608572,48.615912
109,10.656179,48.645819
110,10.694835,48.654731
111,10.709239,48.665961
112,10.721934,48.679511
113,10.73821,48.691107
114,10.805593,48.715766
115,10.884044,48.7331
116,11.3803,48.747423
117,11.395763,48.750434
118,11.403575,48.753119
119,11.430919,48.771674
120,11.440603,48.774237
121,11.519054,48.767401
122,11.605398,48.773749
123,11.648204,48.782009
124,11.683604,48.794135
125,11.749441,48.834662
126,11.758067,48.841498
127,11.766124,48.849392
128,11.774181,48.86164
129,11.785167,48.886827
130,11.793468,48.896552
131,11.798757,48.896796
132,11.813731,48.890692
133,11.820567,48.891628
134,11.834972,48.903998
135,11.858816,48.914984
136,11.881277,48.917751
137,11.958751,48.916612
138,11.965343,48.91767
139,11.970225,48.921413
140,11.97877,48.933458
141,11.985281,48.937445
142,11.999766,48.937934
143,12.01116,48.934516
144,12.021251,48.934394
145,12.03297,48.944892
146,12.01588,48.953315
147,12.00172,48.955878
148,11.99822,48.959825
149,12.031912,48.985907
150,12.039561,48.993964
151,12.038829,49.00495
152,12.03297,49.027533
153,12.115896,49.026475
154,12.157156,49.020453
155,12.190603,49.006415
156,12.220225,49.019314
157,12.265066,49.021796
158,12.312266,49.01496
159,12.348888,49.00019
160,12.343923,48.992377
161,12.332774,48.980333
162,12.328543,48.972235
163,12.413259,48.970811
164,12.444753,48.964667
165,12.458507,48.966091
166,12.465017,48.965399
167,12.470958,48.961737
168,12.472585,48.957221
169,12.474783,48.953396
170,12.482432,48.951768
171,12.502859,48.951768
172,12.506602,48.950507
173,12.511648,48.947821
174,12.518321,48.94538
175,12.527029,48.944892
176,12.527029,48.937445
177,12.517589,48.937934
178,12.51295,48.934841
179,12.5088,48.927598
180,12.5088,48.927598
181,12.506602,48.93126
182,12.5088,48.927598
183,12.506602,48.923855
184,12.5088,48.927598
185,12.513438,48.919745
186,12.52532,48.918891
187,12.539724,48.920844
188,12.553722,48.91767
189,12.540782,48.910834
190,12.540782,48.903998
191,12.553966,48.901638
192,12.575369,48.890163
193,12.584727,48.893419
194,12.592947,48.899115
195,12.616954,48.909044
196,12.625743,48.910834
197,12.654307,48.909125
198,12.677908,48.904731
199,12.74822,48.87991
200,12.752371,48.873236
201,12.75408,48.864325
202,12.758474,48.851833
203,12.764171,48.840522
204,12.770193,48.83572
205,12.783214,48.834296
206,12.80714,48.828559
207,12.8213,48.828233
208,12.833018,48.831081
209,12.862234,48.849392
210,12.874685,48.844672
211,12.911306,48.845649
212,12.917003,48.842312
213,12.955007,48.83572
214,12.972585,48.826483
215,13.016775,48.782538
216,13.027354,48.767401
217,13.030284,48.760565
218,13.032888,48.751247
219,13.029959,48.742987
220,13.016856,48.739529
221,13.005382,48.734565
222,13.010671,48.724921
223,13.021414,48.718288
224,13.027354,48.722439
225,13.037527,48.732123
226,13.060069,48.728461
227,13.083263,48.719184
228,13.095632,48.712185
229,13.086192,48.706366
230,13.08196,48.704698
231,13.09075,48.695258
232,13.111501,48.684149
233,13.115489,48.674343
234,13.167247,48.650092
235,13.190684,48.644477
236,13.235037,48.617987
237,13.259532,48.609158
238,13.318126,48.609158
239,13.379893,48.601671
240,13.388845,48.598904
241,13.413259,48.585761
242,13.424571,48.581855
243,13.486583,48.581855
244,13.520193,48.584825
245,13.62379,48.565619
246,13.641124,48.559353
247,13.657644,48.551337
248,13.672862,48.535712
249,13.726248,48.519802
250,13.746104,48.50906
251,13.801199,48.467882
252,13.823985,48.461249
253,13.871593,48.458767
254,13.894542,48.45185
255,13.941335,48.427354
256,13.958507,48.423448
257,13.986746,48.42414
258,13.999929,48.421739
259,14.010997,48.412869
260,14.018565,48.395697
261,14.027843,48.355658
262,14.037527,48.338487
263,14.049083,48.32921
264,14.062429,48.324774
265,14.09669,48.321723
266,14.11671,48.322943
267,14.152029,48.332953
268,14.168224,48.335395
269,14.240489,48.315985
270,14.278005,48.311469
271,14.307791,48.327948
272,14.319265,48.320909
273,14.333995,48.302558
274,14.342703,48.293809
275,14.37322,48.281521
276,14.395925,48.266303
277,14.4428,48.248887
278,14.459239,48.245429
279,14.564871,48.244086
280,14.582042,48.240058
281,14.597097,48.2331
282,14.610118,48.223334
283,14.63738,48.196967
284,14.65447,48.18655
285,14.675304,48.182318
286,14.818533,48.205512
287,14.832286,48.21308
288,14.846934,48.227362
289,14.861827,48.236884
290,14.879893,48.242214
291,14.929373,48.243842
292,14.94044,48.241889
293,14.952647,48.236925
294,14.987804,48.209093
295,15.003917,48.205105
296,15.027761,48.204169
297,15.051199,48.200019
298,15.060557,48.196234
299,15.078868,48.186103
300,15.087657,48.183132
301,15.104259,48.186794
302,15.133718,48.211982
303,15.15504,48.218085
304,15.240733,48.225531
305,15.323741,48.244005
306,15.356456,48.25849
307,15.384044,48.280788
308,15.397878,48.306708
309,15.41212,48.366238
310,15.42921,48.388048
311,15.467052,48.413153
312,15.489431,48.423407
313,15.508718,48.424384
314,15.512625,48.42182
315,15.519542,48.41531
316,15.524669,48.414008
317,15.608409,48.427191
318,15.639578,48.425645
319,15.673839,48.419867
320,15.710134,48.417792
321,15.723806,48.415229
322,15.751231,48.404731
323,15.763113,48.402899
324,15.811209,48.409003
325,15.833995,48.408759
326,15.856375,48.404364
327,15.876882,48.395046
328,15.911794,48.372382
329,15.94573,48.363389
330,16.094168,48.35932
331,16.208914,48.369818
332,16.22047,48.372504
333,16.243175,48.380968
334,16.254893,48.383734
335,16.28297,48.386013
336,16.297374,48.385037
337,16.31072,48.381659
338,16.321056,48.374864
339,16.352061,48.329617
340,16.371593,48.280788
341,16.393321,48.250759
342,16.418712,48.227322
343,16.487071,48.184638
344,16.549571,48.155056
345,16.586436,48.143256
346,16.749685,48.128974
347,16.864675,48.136908
348,16.914073,48.155341
349,16.922862,48.156684
350,16.941824,48.155585
351,16.947032,48.156684
352,16.950694,48.160712
353,16.960704,48.177191
354,16.987559,48.177354
355,17.010265,48.166531
356,17.031993,48.152615
357,17.056326,48.143622
358,17.132742,48.144802
359,17.151866,48.136176
360,17.146169,48.107978
361,17.157888,48.08572
362,17.180186,48.069851
363,17.206472,48.061103
364,17.206472,48.061103
365,17.242931,48.041327
366,17.256521,48.028103
367,17.261729,48.009304
368,17.272227,48.005561
369,17.337413,47.998969
370,17.36907,47.981472
371,17.471446,47.889106
372,17.481456,47.882921
373,17.49171,47.880072
374,17.516856,47.876532
375,17.526134,47.872382
376,17.559825,47.838243
377,17.572032,47.829779
378,17.582449,47.830024
379,17.59254,47.833441
380,17.60377,47.834499
381,17.618582,47.829535
382,17.639415,47.819444
383,17.657888,47.807563
384,17.665782,47.797309
385,17.676036,47.789415
386,17.741466,47.765652
387,17.825206,47.750271
388,18.112234,47.762722
389,18.235362,47.754177
390,18.272472,47.756456
391,18.347341,47.776964
392,18.552013,47.793158
393,18.596934,47.79088
394,18.633311,47.780097
395,18.663097,47.77619
396,18.692393,47.778184
397,18.716726,47.788357
398,18.749766,47.813829
399,18.7671,47.822577
400,18.789806,47.826606
401,18.882253,47.825954
402,18.898123,47.823798
403,18.911143,47.819607
404,18.915294,47.815863
405,18.922781,47.805976
406,18.927908,47.802802
407,18.948497,47.803087
408,19.013845,47.828966
409,19.039073,47.83043
410,19.063243,47.826483
411,19.085948,47.817206
412,19.106863,47.802843
413,19.123057,47.775458
414,19.128347,47.736396
415,19.124034,47.693427
416,19.11199,47.65412
417,19.054454,47.540391
418,19.050548,47.506171
419,19.053722,47.49669
420,19.062266,47.485419
421,19.06422,47.478217
422,19.062266,47.468451
423,19.052745,47.454047
424,19.050548,47.447821
425,19.046804,47.425564
426,19.036388,47.412543
427,19.002126,47.396308
428,18.974376,47.379462
429,18.952566,47.357001
430,18.934988,47.328477
431,18.920177,47.29328
432,18.907644,47.237494
433,18.886974,47.208197
434,18.881358,47.189643
435,18.878917,47.169013
436,18.879161,47.149237
437,18.889171,47.110419
438,18.896902,47.090277
439,18.903087,47.08161
440,18.918712,47.074042
441,18.968028,47.03323
442,18.966726,47.023749
443,18.962087,47.017198
444,18.95696,47.011746
445,18.954356,47.005316
446,18.955089,46.994737
447,18.96046,46.977484
448,18.96697,46.935858
449,18.966563,46.917304
450,18.958018,46.909044
451,18.948904,46.903917
452,18.938975,46.891791
453,18.930919,46.877224
454,18.927501,46.865017
455,18.926036,46.835273
456,18.927501,46.827175
457,18.933116,46.820583
458,18.950613,46.807156
459,18.954356,46.803534
460,18.958425,46.800849
461,18.975352,46.784003
462,18.978526,46.779975
463,18.984793,46.775662
464,18.986827,46.765489
465,18.987559,46.753974
466,18.989024,46.745185
467,18.998953,46.723212
468,19.00172,46.708523
469,18.996349,46.694892
470,18.981619,46.676337
471,18.952891,46.656195
472,18.885265,46.635321
473,18.858165,46.614854
474,18.877208,46.591173
475,18.907644,46.531806
476,18.920177,46.498847
477,18.922781,46.468695
478,18.898936,46.414374
479,18.892263,46.378445
480,18.895518,46.362901
481,18.910085,46.342963
482,18.913341,46.330634
483,18.914968,46.195258
484,18.903575,46.173041
485,18.872325,46.183458
486,18.825206,46.141547
487,18.813406,46.126166
488,18.794119,46.116726
489,18.789806,46.111518
490,18.785167,46.11225
491,18.775157,46.102973
492,18.762462,46.087266
493,18.700369,46.044786
494,18.691661,46.0185
495,18.721609,45.984931
496,18.806163,45.923611
497,18.831472,45.895535
498,18.832449,45.891059
499,18.830577,45.879503
500,18.831472,45.875067
501,18.835216,45.873481
502,18.841319,45.873969
503,18.847423,45.873155
504,18.85198,45.868191
505,18.853933,45.859239
506,18.85198,45.830349
507,18.849864,45.82449
508,18.846202,45.820258
509,18.844493,45.815945
510,18.848155,45.809841
511,18.863536,45.798774
512,18.870616,45.790229
513,18.899669,45.765163
514,18.904307,45.750067
515,18.908458,45.719672
516,18.916759,45.706855
517,18.930431,45.699083
518,18.947683,45.692328
519,18.962087,45.683295
520,18.968028,45.668972
521,18.962413,45.660346
522,18.934825,45.633612
523,18.923839,45.627997
524,18.911876,45.619452
525,18.907725,45.600653
526,18.906505,45.581895
527,18.903087,45.57331
528,18.91155,45.568427
529,18.93157,45.545762
530,18.941335,45.539252
531,18.959646,45.539374
532,18.972667,45.546495
533,18.982677,45.554999
534,19.000173,45.561469
535,19.008718,45.565741
536,19.017589,45.567572
537,19.026622,45.562812
538,19.032725,45.554877
539,19.035899,45.54975
540,19.040294,45.545274
541,19.050548,45.539252
542,19.067312,45.533637
543,19.081798,45.53144
544,19.094493,45.526313
545,19.105724,45.511908
546,19.076589,45.491889
547,19.009044,45.498887
548,18.99586,45.474066
549,19.002452,45.455593
550,19.031016,45.43419
551,19.036794,45.422553
552,19.028087,45.412421
553,18.975352,45.395209
554,18.988292,45.379462
555,19.003184,45.3664
556,19.020518,45.357489
557,19.040212,45.354275
558,19.081554,45.354275
559,19.091319,45.350287
560,19.094737,45.340766
561,19.095714,45.329413
562,19.098318,45.320136
563,19.124278,45.298407
564,19.16155,45.285264
565,19.362722,45.248481
566,19.406749,45.248969
567,19.490896,45.264268
568,19.529552,45.266872
569,19.557628,45.255805
570,19.571707,45.236599
571,19.580496,45.23078
572,19.598562,45.227851
573,19.658132,45.234442
574,19.698497,45.24669
575,19.741954,45.245063
576,19.784923,45.237494
577,19.810802,45.227851
578,19.817068,45.231716
579,19.831716,45.238145
580,19.838145,45.242133
581,19.846609,45.250556
582,19.855642,45.265082
583,19.862478,45.272813
584,19.88087,45.282294
585,19.898611,45.279364
586,19.914317,45.268907
587,19.927501,45.255805
588,19.949392,45.218695
589,19.965587,45.198554
590,19.985606,45.189765
591,20.04241,45.177761
592,20.064708,45.175482
593,20.184988,45.185004
594,20.222423,45.175482
595,20.257009,45.156765
596,20.28948,45.13227
597,20.345876,45.073065
598,20.356944,45.034491
599,20.333263,45.010565
600,20.303966,44.993964
601,20.298106,44.977484
602,20.290701,44.977484
603,20.303233,44.954657
604,20.318858,44.934394
605,20.396902,44.864569
606,20.408458,44.857042
607,20.455089,44.840277
608,20.514171,44.836859
609,20.545909,44.839789
610,20.580333,44.857367
611,20.594981,44.857978
612,20.623709,44.8546
613,20.636404,44.849433
614,20.638601,44.837348
615,20.628184,44.788601
616,20.62794,44.777045
617,20.633311,44.765204
618,20.64446,44.755805
619,20.671886,44.743964
620,20.684825,44.733507
621,20.720388,44.696234
622,20.741954,44.679226
623,20.763682,44.668402
624,20.826427,44.660956
625,20.88323,44.672675
626,20.989513,44.716824
627,21.07781,44.726508
628,21.102794,44.740668
629,21.112234,44.744818
630,21.125662,44.745632
631,21.15089,44.744086
632,21.163829,44.74787
633,21.172293,44.756903
634,21.179454,44.768093
635,21.188894,44.778266
636,21.222423,44.796698
637,21.26946,44.813666
638,21.319102,44.825059
639,21.360118,44.826687
640,21.37794,44.816921
641,21.395274,44.790473
642,21.411632,44.785102
643,21.496593,44.778266
644,21.557872,44.781846
645,21.577566,44.777899
646,21.594981,44.766181
647,21.603689,44.750312
648,21.609793,44.732204
649,21.619151,44.714179
650,21.655691,44.687934
651,21.7046,44.677273
652,21.756277,44.677517
653,21.801199,44.684149
654,21.83782,44.695421
655,21.854991,44.698757
656,21.871511,44.696234
657,21.961843,44.662543
658,21.993826,44.6588
659,22.003835,44.651719
660,22.031668,44.603583
661,22.039317,44.577094
662,22.044688,44.569403
663,22.055186,44.562364
664,22.06658,44.557481
665,22.075694,44.550971
666,22.086436,44.52204
667,22.10377,44.509874
668,22.12615,44.502956
669,22.147716,44.501166
670,22.171641,44.505642
671,22.184581,44.515408
672,22.298513,44.661933
673,22.304454,44.677598
674,22.319265,44.685614
675,22.360606,44.692328
676,22.380056,44.700751
677,22.414968,44.728095
678,22.425548,44.733913
679,22.450125,44.733222
680,22.468435,44.730414
681,22.483165,44.724229
682,22.552745,44.66946
683,22.586925,44.649604
684,22.620616,44.637722
685,22.699474,44.630886
686,22.714285,44.623358
687,22.764822,44.583075
688,22.7588,44.564887
689,22.74114,44.55211
690,22.718923,44.544623
691,22.699474,44.5421
692,22.677989,44.545722
693,22.641531,44.5633
694,22.620616,44.569403
695,22.599783,44.570095
696,22.579845,44.565741
697,22.565115,44.555732
698,22.559337,44.539008
699,22.556163,44.521674
700,22.547862,44.51199
701,22.534923,44.507758
702,22.499929,44.506659
703,22.490489,44.504462
704,22.483572,44.500027
705,22.479259,44.490668
706,22.476573,44.47724
707,22.476492,44.464179
708,22.479503,44.456081
709,22.500499,44.442165
710,22.504893,44.435248
711,22.50587,44.427802
712,22.503429,44.411933
713,22.504649,44.404324
714,22.522227,44.375312
715,22.548757,44.349229
716,22.582286,44.328681
717,22.620616,44.31623
718,22.662039,44.311957
719,22.681082,44.305528
720,22.688975,44.291938
721,22.684744,44.243923
722,22.690115,44.229193
723,22.905935,44.123114
724,22.942149,44.111762
725,22.987559,44.107245
726,23.030528,44.093329
727,23.039561,44.062608
728,23.022472,44.031846
729,22.987559,44.01789
730,22.96575,44.015733
731,22.926036,44.006415
732,22.905284,44.004218
733,22.885427,43.994737
734,22.874197,43.972276
735,22.850027,43.897244
736,22.850515,43.874579
737,22.862966,43.855658
738,22.888194,43.839789
739,22.919119,43.834499
740,23.131358,43.848212
741,23.161388,43.857611
742,23.196462,43.862982
743,23.233897,43.877509
744,23.324555,43.886827
745,23.324555,43.886827
746,23.326427,43.88703
747,23.319591,43.88703
748,23.324555,43.886827
749,23.324555,43.886827
750,23.484141,43.880805
751,23.592052,43.837673
752,23.635509,43.832384
753,23.720225,43.846055
754,23.742198,43.842963
755,23.79949,43.818712
756,24.158865,43.753201
757,24.357677,43.760281
758,24.374929,43.764106
759,24.430593,43.794379
760,24.46575,43.80268
761,24.499685,43.79975
762,24.705089,43.743964
763,24.752126,43.739081
764,24.963145,43.749864
765,25.081065,43.719184
766,25.210704,43.712104
767,25.251882,43.704901
768,25.288178,43.689276
769,25.322358,43.669949
770,25.358979,43.654486
771,25.402599,43.650336
772,25.425385,43.654608
773,25.466889,43.667996
774,25.488292,43.670762
775,25.533295,43.668972
776,25.556082,43.670681
777,25.574636,43.677598
778,25.593354,43.680935
779,25.615977,43.688015
780,25.637462,43.697577
781,25.653087,43.708319
782,25.670909,43.717597
783,25.739024,43.719184
784,25.780528,43.732245
785,25.803966,43.760199
786,25.805756,43.763943
787,25.838796,43.788642
788,25.868744,43.801134
789,25.916026,43.844591
790,25.924083,43.858913
791,25.933523,43.870551
792,26.053722,43.934597
793,26.061127,43.950019
794,26.078868,43.969265
795,26.115733,43.999091
796,26.150157,44.012722
797,26.230886,44.027777
798,26.309988,44.052843
799,26.613699,44.08515
800,26.647227,44.093614
801,26.667247,44.095323
802,26.67685,44.097357
803,26.696788,44.106309
804,26.708263,44.108344
805,26.753184,44.108344
806,26.788992,44.116238
807,26.883556,44.156806
808,27.001069,44.165351
809,27.026947,44.177314
810,27.09962,44.144721
811,27.205007,44.129462
812,27.226166,44.120917
813,27.266612,44.137763
814,27.292247,44.151435
815,27.444753,44.133979
816,27.461029,44.137641
817,27.481619,44.145697
818,27.499278,44.155788
819,27.506765,44.165351
820,27.51588,44.172553
821,27.568777,44.195421
822,27.607839,44.205349
823,27.691661,44.204413
824,27.732677,44.209744
825,27.753022,44.218695
826,27.788585,44.239691
827,27.933849,44.265937
828,27.967296,44.280382
829,27.993256,44.304267
830,28.047944,44.398057
831,28.057058,44.405707
832,28.098562,44.430243
833,28.109955,44.44245
834,28.108816,44.457709
835,28.10198,44.478339
836,28.093191,44.496649
837,28.085867,44.504503
838,28.066824,44.507025
839,28.042491,44.513373
840,28.020112,44.522162
841,28.006928,44.531846
842,28.003673,44.53974
843,28.015066,44.543158
844,28.021251,44.552314
845,28.021088,44.587836
846,28.027843,44.59809
847,28.033376,44.621649
848,28.034434,44.630805
849,28.030528,44.636908
850,27.977794,44.679145
851,27.960053,44.686306
852,27.935069,44.68891
853,27.916108,44.694363
854,27.898448,44.707953
855,27.884288,44.725898
856,27.87672,44.744086
857,27.883311,44.756903
858,27.877371,44.765326
859,27.863292,44.769965
860,27.845714,44.77143
861,27.828868,44.77912
862,27.81837,44.795966
863,27.814708,44.812771
864,27.818777,44.820502
865,27.833995,44.830878
866,27.859386,44.855048
867,27.878835,44.882107
868,27.87672,44.90115
869,27.889252,44.926215
870,27.894216,44.956977
871,27.890554,44.985867
872,27.87672,45.004828
873,27.907237,45.053168
874,27.911388,45.069363
875,27.917572,45.08161
876,27.944916,45.11282
877,27.951752,45.128363
878,27.950206,45.137152
879,27.941173,45.153347
880,27.93808,45.161811
881,27.93808,45.20657
882,27.941661,45.224229
883,28.006358,45.324815
884,28.010346,45.333808
885,28.018077,45.343126
886,28.028819,45.387478
887,28.034434,45.402045
888,28.048595,45.413764
889,28.066987,45.422553
890,28.087169,45.428046
891,28.106619,45.429999
892,28.127533,45.426785
893,28.169526,45.414984
894,28.185151,45.415635
895,28.193614,45.423163
896,28.201671,45.443142
897,28.212413,45.450466
898,28.237071,45.452338
899,28.266368,45.440741
900,28.285818,45.421983
901,28.280772,45.402045
902,28.310313,45.34809
903,28.329682,45.323106
904,28.352631,45.31269
905,28.369721,45.309516
906,28.404714,45.295356
907,28.493663,45.27912
908,28.576589,45.248358
909,28.709483,45.22724
910,28.747,45.23074
