entity,code,t_per_person_2000,t_per_person_2023,population_2000,population_2023
Aruba,ABW,26.787004,8.213218,88772,107946
Afghanistan,AFG,0.052017,0.253682,20130334,41454762
Angola,AGO,0.987665,0.589792,16194873,36749909
Anguilla,AIA,7.199714,9.879252,11196,14435
Albania,ALB,0.955397,1.571076,3166147,2811660
Andorra,AND,7.974552,5.170065,65703,80869
United Arab Emirates,ARE,32.138012,19.772913,3493583,10642089
Argentina,ARG,3.852176,3.917726,37213986,45538402
Armenia,ARM,1.117025,2.524371,3125630,2943398
Antigua and Barbuda,ATG,4.743264,6.863025,74929,93331
Australia,AUS,18.288157,14.529289,19132472,26451126
Austria,AUT,8.262151,6.232886,8012929,9130434
Azerbaijan,AZE,3.641113,4.142986,8174784,10318209
Burundi,BDI,0.041905,0.065796,6470196,13689455
Belgium,BEL,12.366287,7.231636,10251719,11712891
Benin,BEN,0.203961,0.420084,7221618,14111035
Bonaire Sint Eustatius and Saba,BES,6.493897,4.888503,14256,29920
Burkina Faso,BFA,0.078049,0.273973,11925548,23025777
Bangladesh,BGD,0.197253,0.609602,134544303,171466986
Bulgaria,BGR,5.687045,5.076801,8000519,6795805
Bahrain,BHR,28.673351,24.710030,669589,1569674
Bahamas,BHS,6.256653,7.400444,323846,399452
Bosnia and Herzegovina,BIH,3.293952,6.242028,4159785,3185072
Belarus,BLR,5.506232,6.114307,9991310,9115679
Belize,BLZ,1.643261,1.864336,240809,411112
Bermuda,BMU,8.390975,8.183635,61569,64721
Bolivia,BOL,0.980939,2.010797,8606330,12244161
Brazil,BRA,1.954868,2.292272,174018278,211140731
Barbados,BRB,4.995379,4.663527,262071,282347
Brunei,BRN,18.032026,27.241413,326429,458959
Bhutan,BTN,0.664919,2.072326,596871,786386
Botswana,BWA,2.252069,2.922569,1677384,2480242
Central African Republic,CAF,0.032497,0.075553,3833421,5152415
Canada,CAN,18.344023,13.880179,30891800,39299098
Switzerland,CHE,6.071895,3.604899,7184003,8870564
Chile,CHL,3.773477,3.947550,15503638,19658833
China,CHN,2.870088,8.556261,1269581174,1422584930
Cote d'Ivoire,CIV,0.374601,0.450895,17699007,31165653
Cameroon,CMR,0.374754,0.341697,14912632,28372690
Democratic Republic of Congo,COD,0.033752,0.055592,50507445,105789733
Congo,COG,1.359497,1.338253,3151349,6182890
Cook Islands,COK,3.231041,5.376369,15876,14244
Colombia,COL,1.438041,1.719999,39089939,52321152
Comoros,COM,0.191373,0.637508,536084,850390
Cape Verde,CPV,0.654668,1.094112,453335,522335
Costa Rica,CRI,1.363025,1.659482,3937737,5105526
Cuba,CUB,2.277336,2.129802,11109112,11019932
Curacao,CUW,34.110470,11.890415,145540,185437
Cyprus,CYP,7.499365,5.344379,947667,1344981
Czechia,CZE,12.429018,7.699758,10236809,10809722
Germany,DEU,10.990293,7.022808,81797255,84548233
Djibouti,DJI,0.490281,0.483593,747326,1152951
Dominica,DMA,1.497103,2.473088,68527,66531
Denmark,DNK,10.170421,4.847097,5339659,5948134
Dominican Republic,DOM,2.206033,2.808914,8584196,11331269
Algeria,DZA,2.735981,4.394023,30903894,46164222
Ecuador,ECU,1.650949,2.480500,12689215,17980079
Egypt,EGY,1.954439,2.184734,73083287,114535772
Eritrea,ERI,0.268991,0.210649,2247036,3470391
Spain,ESP,7.539280,4.497049,41019772,47911583
Estonia,EST,11.074418,6.395764,1397001,1367195
Ethiopia,ETH,0.051369,0.136533,67411496,128691695
Finland,FIN,11.015230,5.677192,5176197,5601185
Fiji,FJI,0.969009,1.495532,840913,924150
France,FRA,6.849684,4.067842,59483716,66438828
Faroe Islands,FRO,15.077199,13.037725,45687,54738
Micronesia (country),FSM,1.602042,1.278669,112067,112646
Gabon,GAB,4.804243,2.141406,1275578,2484790
United Kingdom,GBR,9.635275,4.481841,59057333,68682965
Georgia,GEO,1.039062,3.131247,4328361,3807494
Ghana,GHA,0.270549,0.595942,19637085,33787916
Guinea,GIN,0.171271,0.268997,8428837,14405469
Gambia,GMB,0.188854,0.286390,1455095,2697846
Guinea-Bissau,GNB,0.041544,0.152945,1234747,2153343
Equatorial Guinea,GNQ,3.838070,3.741896,703287,1847556
Greece,GRC,9.549867,5.075532,10782638,10242910
Grenada,GRD,1.738820,3.099843,107466,117094
Greenland,GRL,11.866045,10.883719,56228,55951
Guatemala,GTM,0.832820,1.088896,11697592,18124841
Guyana,GUY,2.285102,5.299081,764836,826357
Hong Kong,HKG,5.931011,4.428082,6704665,7442738
Honduras,HND,0.764925,1.165291,6577781,10644853
Croatia,HRV,4.542812,4.740115,4326105,3896023
Haiti,HTI,0.196810,0.246168,8303151,11637402
Hungary,HUN,5.715505,4.164973,10190598,9686465
Indonesia,IDN,1.300709,2.711182,216077789,281190068
India,IND,0.933022,2.129769,1057922731,1438069597
Ireland,IRL,11.899660,6.459560,3802589,5196629
Iran,IRN,5.528768,8.715231,66418661,90608708
Iraq,IRQ,3.427835,5.056339,24424060,45074055
Iceland,ISL,10.425930,9.052132,281293,387559
Israel,ISR,9.739403,5.983161,6111194,9256311
Italy,ITA,8.199410,5.248631,57272200,59499452
Jamaica,JAM,3.955013,2.841382,2607827,2839785
Jordan,JOR,2.858928,2.021053,5386945,11439220
Japan,JPN,9.920687,7.935214,127027794,124370947
Kazakhstan,KAZ,9.173343,14.076408,15501108,20330109
Kenya,KEN,0.338901,0.382835,30642893,55339007
Kyrgyzstan,KGZ,0.910472,1.575513,5025150,7073523
Cambodia,KHM,0.160233,1.228859,12462343,17423884
Kiribati,KIR,0.413395,0.522763,88632,132540
Saint Kitts and Nevis,KNA,3.803852,5.346964,45272,46783
South Korea,KOR,9.407999,11.385368,46766660,51748744
Kuwait,KWT,28.126830,25.454494,1954713,4838781
Laos,LAO,0.176830,3.151607,5431213,7665001
Lebanon,LBN,3.572426,2.694868,4329345,5773494
Liberia,LBR,0.137437,0.151829,2928117,5493035
Libya,LBY,10.035502,8.790320,5305020,7305659
Saint Lucia,LCA,2.148174,2.883837,158624,179291
Liechtenstein,LIE,6.544256,3.311822,33137,39622
Sri Lanka,LKA,0.517822,0.834335,19293056,22971615
Lesotho,LSO,0.923351,1.078805,2003919,2311476
Lithuania,LTU,3.383328,4.382252,3500410,2854104
Luxembourg,LUX,19.952950,10.285255,436142,665101
Latvia,LVA,2.990149,3.500790,2368320,1882399
Macao,MAC,3.493785,1.460767,437316,713916
Morocco,MAR,1.168016,1.828602,28423439,37712516
Moldova,MDA,0.843678,1.737586,4234969,3067072
Madagascar,MDG,0.118378,0.142543,16516336,31195937
Maldives,MDV,1.597986,4.192578,282025,526009
Mexico,MEX,3.968903,3.532100,98625553,129739761
Marshall Islands,MHL,1.950435,3.802466,50721,38849
North Macedonia,MKD,4.115973,4.006106,2057254,1831800
Mali,MLI,0.092240,0.283688,11559291,23769130
Malta,MLT,6.171891,3.317301,399905,532964
Myanmar,MMR,0.225639,0.587303,45290850,54133800
Montenegro,MNE,2.389650,3.798970,634198,633553
Mongolia,MNG,3.027011,12.874261,2455182,3431938
Mozambique,MOZ,0.072916,0.270356,18129652,33635163
Mauritania,MRT,0.426201,1.002878,2613450,5022442
Montserrat,MSR,5.075797,5.764865,5053,4440
Mauritius,MUS,2.210509,3.602115,1216632,1273591
Malawi,MWI,0.075467,0.087781,11315947,21104480
Malaysia,MYS,5.350155,7.865810,22967817,35126295
Namibia,NAM,0.944886,1.161845,1818650,2963102
New Caledonia,NCL,9.968356,17.483173,223110,289879
Niger,NER,0.059385,0.119779,11509634,26159863
Nigeria,NGA,0.766174,0.567731,126382490,227882949
Nicaragua,NIC,0.738601,0.795516,5022636,6823619
Niue,NIU,3.543520,3.961434,2068,1841
Netherlands,NLD,10.720250,6.467664,16058757,18092526
Norway,NOR,9.381491,7.042548,4490864,5519167
Nepal,NPL,0.123742,0.617884,24546509,29694614
Nauru,NRU,8.632178,4.933193,10187,11900
New Zealand,NZL,8.352687,6.101065,3857576,5172837
Oman,OMN,10.509595,15.806381,2282139,5049267
Pakistan,PAK,0.671102,0.754980,154879124,247504505
Panama,PAN,1.872140,2.916086,3010376,4458758
Peru,PER,1.078170,1.951944,26598328,33845616
Philippines,PHL,0.897536,1.401156,79625401,114891199
Palau,PLW,10.874102,12.180102,19206,17751
Papua New Guinea,PNG,0.530587,0.804431,5537068,10389638
Poland,POL,8.293836,7.307086,38258077,38762847
North Korea,PRK,2.922560,2.347813,23665909,26418196
Portugal,PRT,6.369969,3.606845,10283196,10430735
Paraguay,PRY,0.704287,1.117113,5100875,6844150
Palestine,PSE,0.526617,0.879124,3151800,5409201
French Polynesia,PYF,2.850757,3.139173,240346,281125
Qatar,QAT,62.646393,40.127865,644993,2979086
Romania,ROU,4.227758,3.549760,22046264,19118482
Russia,RUS,10.091322,11.916450,146717784,145440502
Rwanda,RWA,0.062715,0.144471,8213936,13954473
Saudi Arabia,SAU,19.139835,20.365440,16177733,33264289
Sudan,SDN,0.190231,0.354007,27816748,50042800
Senegal,SEN,0.391448,0.778968,9968262,18077573
Singapore,SGP,9.260569,8.821352,4035251,5789092
Saint Helena,SHN,1.818362,2.063582,6045,5316
Solomon Islands,SLB,0.515727,0.352194,440481,800014
Sierra Leone,SLE,0.061293,0.163162,4423615,8460523
El Salvador,SLV,0.950252,1.374072,5943363,6309629
Somalia,SOM,0.057621,0.070616,8838714,18358622
Saint Pierre and Miquelon,SPM,8.700333,9.335027,6317,5707
Serbia,SRB,5.147302,6.334863,7694608,6773204
South Sudan,SSD,0.073691,0.145105,6032274,11483370
Sao Tome and Principe,STP,0.356150,0.605669,144029,230882
Suriname,SUR,4.600505,4.561335,476647,628892
Slovakia,SVK,7.655582,5.575558,5380001,5518057
Slovenia,SVN,7.579839,5.670411,1986817,2118394
Sweden,SWE,6.187081,3.478995,8872099,10551493
Eswatini,SWZ,1.157503,0.836739,1041428,1230507
Sint Maarten (Dutch part),SXM,17.942883,16.156517,30796,42775
Seychelles,SYC,3.824956,5.011754,83339,127961
Syria,SYR,3.277267,1.342409,16637884,23594623
Turks and Caicos Islands,TCA,5.665778,7.893101,18754,46221
Chad,TCD,0.057273,0.147439,8512092,19319075
Togo,TGO,0.278313,0.324788,4783721,8223853
Thailand,THA,2.656054,3.692115,63007815,71702436
Tajikistan,TJK,0.355856,0.987919,6284737,10389807
Turkmenistan,TKM,8.589196,12.956967,4582675,7364437
East Timor,TLS,0.295076,0.459959,745095,1384292
Tonga,TON,0.963319,1.394358,102695,104613
Trinidad and Tobago,TTO,18.450056,23.644289,1319781,1502938
Tunisia,TUN,1.990385,2.601368,9764940,12200434
Turkey,TUR,3.560268,5.579716,65425957,87270502
Tuvalu,TUV,0.766046,1.112128,9566,9837
Taiwan,TWN,10.161433,11.456240,22332873,23317145
Tanzania,TZA,0.075067,0.304868,34260142,66617607
Uganda,UGA,0.056703,0.128161,24000158,48656606
Ukraine,UKR,5.764382,3.692418,49556654,37732833
Uruguay,URY,1.615627,2.251108,3266212,3388083
United States,USA,21.397860,14.319450,281484126,343477330
Uzbekistan,UZB,4.981572,3.446397,24787052,35652311
Saint Vincent and the Grenadines,VCT,1.258319,2.429651,113561,101331
Venezuela,VEN,5.826397,4.225587,24526707,28300861
British Virgin Islands,VGB,5.785453,4.752365,20266,39009
Vietnam,VNM,0.699062,3.461796,77154016,100352189
Vanuatu,VUT,0.452370,0.588156,186290,320422
Wallis and Futuna,WLF,1.485004,2.560470,14804,11394
Samoa,WSM,0.786461,1.083868,181695,216673
Yemen,YEM,0.806749,0.257450,19624139,39390800
South Africa,ZAF,8.022367,6.906941,47159715,63212386
Zambia,ZMB,0.178097,0.570872,10017633,20723967
Zimbabwe,ZWE,1.161661,0.822681,11892055,16340829
