Entity,Code,Year,Population
Austria,AUT,-10000,1465
Austria,AUT,-9000,1625
Austria,AUT,-8000,1802
Austria,AUT,-7000,2000
Austria,AUT,-6000,3000
Austria,AUT,-5000,4000
Austria,AUT,-4000,10000
Austria,AUT,-3000,20000
Austria,AUT,-2000,60000
Austria,AUT,-1000,100000
Austria,AUT,0,500000
Austria,AUT,100,550000
Austria,AUT,200,600000
Austria,AUT,300,550000
Austria,AUT,400,500000
Austria,AUT,500,450000
Austria,AUT,600,400000
Austria,AUT,700,450000
Austria,AUT,800,500000
Austria,AUT,900,600000
Austria,AUT,1000,700000
Austria,AUT,1100,900000
Austria,AUT,1200,1250000
Austria,AUT,1300,2000000
Austria,AUT,1400,1250000
Austria,AUT,1500,2000000
Austria,AUT,1600,2100000
Austria,AUT,1700,2120000
Austria,AUT,1710,2232611
Austria,AUT,1720,2345222
Austria,AUT,1730,2457833
Austria,AUT,1740,2570444
Austria,AUT,1750,2683055
Austria,AUT,1760,2783738
Austria,AUT,1770,2876469
Austria,AUT,1780,2969200
Austria,AUT,1790,3045800
Austria,AUT,1800,3000000
Austria,AUT,1801,3017451
Austria,AUT,1802,3035004
Austria,AUT,1803,3052658
Austria,AUT,1804,3070416
Austria,AUT,1805,3088277
Austria,AUT,1806,3106241
Austria,AUT,1807,3124310
Austria,AUT,1808,3142485
Austria,AUT,1809,3160765
Austria,AUT,1810,3179258
Austria,AUT,1811,3197752
Austria,AUT,1812,3216353
Austria,AUT,1813,3235063
Austria,AUT,1814,3253881
Austria,AUT,1815,3272809
Austria,AUT,1816,3291847
Austria,AUT,1817,3310996
Austria,AUT,1818,3330256
Austria,AUT,1819,3349015
Austria,AUT,1820,3367266
Austria,AUT,1821,3385004
Austria,AUT,1822,3402223
Austria,AUT,1823,3418916
Austria,AUT,1824,3435691
Austria,AUT,1825,3452549
Austria,AUT,1826,3469489
Austria,AUT,1827,3486512
Austria,AUT,1828,3503619
Austria,AUT,1829,3520820
Austria,AUT,1830,3538115
Austria,AUT,1831,3555505
Austria,AUT,1832,3572991
Austria,AUT,1833,3590572
Austria,AUT,1834,3608240
Austria,AUT,1835,3625995
Austria,AUT,1836,3643838
Austria,AUT,1837,3661768
Austria,AUT,1838,3679786
Austria,AUT,1839,3698789
Austria,AUT,1840,3718786
Austria,AUT,1841,3739787
Austria,AUT,1842,3761804
Austria,AUT,1843,3784847
Austria,AUT,1844,3808031
Austria,AUT,1845,3831357
Austria,AUT,1846,3854826
Austria,AUT,1847,3878438
Austria,AUT,1848,3902195
Austria,AUT,1849,3926782
Austria,AUT,1850,3952208
Austria,AUT,1851,3978557
Austria,AUT,1852,4005766
Austria,AUT,1853,4033846
Austria,AUT,1854,4062123
Austria,AUT,1855,4090598
Austria,AUT,1856,4119272
Austria,AUT,1857,4148148
Austria,AUT,1858,4177226
Austria,AUT,1859,4206120
Austria,AUT,1860,4234828
Austria,AUT,1861,4263344
Austria,AUT,1862,4291666
Austria,AUT,1863,4319789
Austria,AUT,1864,4348096
Austria,AUT,1865,4376588
Austria,AUT,1866,4405267
Austria,AUT,1867,4434134
Austria,AUT,1868,4463191
Austria,AUT,1869,4494618
Austria,AUT,1870,4528451
Austria,AUT,1871,4564726
Austria,AUT,1872,4603478
Austria,AUT,1873,4644744
Austria,AUT,1874,4686380
Austria,AUT,1875,4728390
Austria,AUT,1876,4770776
Austria,AUT,1877,4813542
Austria,AUT,1878,4856691
Austria,AUT,1879,4900094
Austria,AUT,1880,4943751
Austria,AUT,1881,4987664
Austria,AUT,1882,5031834
Austria,AUT,1883,5076261
Austria,AUT,1884,5121081
Austria,AUT,1885,5166297
Austria,AUT,1886,5211912
Austria,AUT,1887,5257929
Austria,AUT,1888,5304353
Austria,AUT,1889,5352739
Austria,AUT,1890,5403121
Austria,AUT,1891,5455531
Austria,AUT,1892,5510005
Austria,AUT,1893,5566578
Austria,AUT,1894,5623731
Austria,AUT,1895,5681470
Austria,AUT,1896,5739803
Austria,AUT,1897,5798734
Austria,AUT,1898,5858271
Austria,AUT,1899,5918416
Austria,AUT,1900,5979176
Austria,AUT,1901,6040557
Austria,AUT,1902,6102565
Austria,AUT,1903,6165207
Austria,AUT,1904,6228492
Austria,AUT,1905,6292427
Austria,AUT,1906,6357018
Austria,AUT,1907,6422272
Austria,AUT,1908,6488195
Austria,AUT,1909,6538009
Austria,AUT,1910,6571587
Austria,AUT,1911,6588803
Austria,AUT,1912,6589530
Austria,AUT,1913,6573637
Austria,AUT,1914,6557782
Austria,AUT,1915,6541966
Austria,AUT,1916,6526188
Austria,AUT,1917,6510448
Austria,AUT,1918,6494625
Austria,AUT,1919,6486496
Austria,AUT,1920,6486069
Austria,AUT,1921,6493353
Austria,AUT,1922,6508355
Austria,AUT,1923,6531083
Austria,AUT,1924,6553892
Austria,AUT,1925,6576779
Austria,AUT,1926,6599747
Austria,AUT,1927,6622795
Austria,AUT,1928,6645923
Austria,AUT,1929,6664878
Austria,AUT,1930,6679644
Austria,AUT,1931,6690204
Austria,AUT,1932,6696542
Austria,AUT,1933,6698643
Austria,AUT,1934,6700745
Austria,AUT,1935,6702847
Austria,AUT,1936,6704950
Austria,AUT,1937,6707053
Austria,AUT,1938,6709158
Austria,AUT,1939,6715380
Austria,AUT,1940,6725734
Austria,AUT,1941,6740236
Austria,AUT,1942,6758902
Austria,AUT,1943,6781747
Austria,AUT,1944,6804668
Austria,AUT,1945,6827667
Austria,AUT,1946,6850744
Austria,AUT,1947,6873899
Austria,AUT,1948,6897132
Austria,AUT,1949,6917983
Austria,AUT,1950,6936455
Austria,AUT,1951,6930487
Austria,AUT,1952,6927254
Austria,AUT,1953,6932083
Austria,AUT,1954,6939893
Austria,AUT,1955,6946659
Austria,AUT,1956,6952266
Austria,AUT,1957,6965838
Austria,AUT,1958,6987345
Austria,AUT,1959,7014270
Austria,AUT,1960,7047274
Austria,AUT,1961,7086060
Austria,AUT,1962,7129581
Austria,AUT,1963,7175502
Austria,AUT,1964,7223392
Austria,AUT,1965,7270413
Austria,AUT,1966,7321524
Austria,AUT,1967,7376293
Austria,AUT,1968,7414627
Austria,AUT,1969,7440306
Austria,AUT,1970,7466320
Austria,AUT,1971,7499635
Austria,AUT,1972,7543263
Austria,AUT,1973,7585107
Austria,AUT,1974,7597963
Austria,AUT,1975,7577833
Austria,AUT,1976,7564457
Austria,AUT,1977,7567332
Austria,AUT,1978,7561203
Austria,AUT,1979,7548345
Austria,AUT,1980,7548407
Austria,AUT,1981,7567550
Austria,AUT,1982,7573078
Austria,AUT,1983,7561166
Austria,AUT,1984,7560715
Austria,AUT,1985,7564310
Austria,AUT,1986,7569397
Austria,AUT,1987,7574314
Austria,AUT,1988,7585346
Austria,AUT,1989,7620405
Austria,AUT,1990,7679627
Austria,AUT,1991,7757140
Austria,AUT,1992,7842715
Austria,AUT,1993,7907492
Austria,AUT,1994,7938157
Austria,AUT,1995,7950322
Austria,AUT,1996,7960917
Austria,AUT,1997,7969804
Austria,AUT,1998,7978465
Austria,AUT,1999,7993894
Austria,AUT,2000,8012929
Austria,AUT,2001,8042233
Austria,AUT,2002,8081640
Austria,AUT,2003,8122604
Austria,AUT,2004,8173496
Austria,AUT,2005,8229204
Austria,AUT,2006,8269901
Austria,AUT,2007,8296948
Austria,AUT,2008,8323250
Austria,AUT,2009,8345073
Austria,AUT,2010,8365087
Austria,AUT,2011,8393272
Austria,AUT,2012,8431599
Austria,AUT,2013,8481411
Austria,AUT,2014,8547812
Austria,AUT,2015,8644037
Austria,AUT,2016,8737920
Austria,AUT,2017,8798779
Austria,AUT,2018,8841653
Austria,AUT,2019,8880876
Austria,AUT,2020,8921402
Austria,AUT,2021,8967053
Austria,AUT,2022,9064678
Austria,AUT,2023,9130434
France,FRA,-10000,16785
France,FRA,-9000,24260
France,FRA,-8000,35250
France,FRA,-7000,51458
France,FRA,-6000,77188
France,FRA,-5000,103544
France,FRA,-4000,204276
France,FRA,-3000,404335
France,FRA,-2000,998175
France,FRA,-1000,1986860
France,FRA,0,4938643
France,FRA,100,5694368
France,FRA,200,6430046
France,FRA,300,5697015
France,FRA,400,4964011
France,FRA,500,4720614
France,FRA,600,4477245
France,FRA,700,4723484
France,FRA,800,4969753
France,FRA,900,5705631
France,FRA,1000,6441540
France,FRA,1100,7667059
France,FRA,1200,10361347
France,FRA,1300,15806719
France,FRA,1400,10930934
France,FRA,1500,14867569
France,FRA,1600,18314626
France,FRA,1700,21992348
France,FRA,1710,22592830
France,FRA,1720,23193320
France,FRA,1730,23793820
France,FRA,1740,24394332
France,FRA,1750,24994858
France,FRA,1760,25571336
France,FRA,1770,26147834
France,FRA,1780,26724356
France,FRA,1790,27300910
France,FRA,1800,29000000
France,FRA,1801,29108552
France,FRA,1802,29217510
France,FRA,1803,29326876
France,FRA,1804,29436651
France,FRA,1805,29546838
France,FRA,1806,29657436
France,FRA,1807,29768449
France,FRA,1808,29879877
France,FRA,1809,29991722
France,FRA,1810,30104407
France,FRA,1811,30217092
France,FRA,1812,30330200
France,FRA,1813,30443731
France,FRA,1814,30557687
France,FRA,1815,30672069
France,FRA,1816,30786880
France,FRA,1817,30902120
France,FRA,1818,31017792
France,FRA,1819,31150340
France,FRA,1820,31299931
France,FRA,1821,31466736
France,FRA,1822,31650924
France,FRA,1823,31852668
France,FRA,1824,32055698
France,FRA,1825,32260022
France,FRA,1826,32465648
France,FRA,1827,32672585
France,FRA,1828,32880842
France,FRA,1829,33079302
France,FRA,1830,33267853
France,FRA,1831,33446379
France,FRA,1832,33614762
France,FRA,1833,33772885
France,FRA,1834,33931751
France,FRA,1835,34091365
France,FRA,1836,34251730
France,FRA,1837,34412849
France,FRA,1838,34574726
France,FRA,1839,34733003
France,FRA,1840,34887644
France,FRA,1841,35038615
France,FRA,1842,35185880
France,FRA,1843,35329405
France,FRA,1844,35473515
France,FRA,1845,35618212
France,FRA,1846,35763500
France,FRA,1847,35909381
France,FRA,1848,36055856
France,FRA,1849,36192055
France,FRA,1850,36317907
France,FRA,1851,36422915
France,FRA,1852,36517375
France,FRA,1853,36601225
France,FRA,1854,36685264
France,FRA,1855,36769494
France,FRA,1856,36853914
France,FRA,1857,36938524
France,FRA,1858,37023326
France,FRA,1859,37111533
France,FRA,1860,37203159
France,FRA,1861,37298222
France,FRA,1862,37396737
France,FRA,1863,37498719
France,FRA,1864,37600976
France,FRA,1865,37703510
France,FRA,1866,37806319
France,FRA,1867,37909406
France,FRA,1868,38012770
France,FRA,1869,38105310
France,FRA,1870,38186983
France,FRA,1871,38257751
France,FRA,1872,38317571
France,FRA,1873,38366403
France,FRA,1874,38415294
France,FRA,1875,38464245
France,FRA,1876,38513254
France,FRA,1877,38562323
France,FRA,1878,38611451
France,FRA,1879,38667543
France,FRA,1880,38730622
France,FRA,1881,38800708
France,FRA,1882,38877824
France,FRA,1883,38961992
France,FRA,1884,39046339
France,FRA,1885,39130866
France,FRA,1886,39215572
France,FRA,1887,39300458
France,FRA,1888,39385524
France,FRA,1889,39462823
France,FRA,1890,39532330
France,FRA,1891,39594021
France,FRA,1892,39647872
France,FRA,1893,39693861
France,FRA,1894,39739899
France,FRA,1895,39785987
France,FRA,1896,39832125
France,FRA,1897,39878314
France,FRA,1898,39924553
France,FRA,1899,39971493
France,FRA,1900,40019136
France,FRA,1901,40067484
France,FRA,1902,40116538
France,FRA,1903,40166299
France,FRA,1904,40216118
France,FRA,1905,40265996
France,FRA,1906,40315932
France,FRA,1907,40365927
France,FRA,1908,40415980
France,FRA,1909,40408851
France,FRA,1910,40344819
France,FRA,1911,40224160
France,FRA,1912,40047151
France,FRA,1913,39814066
France,FRA,1914,39582334
France,FRA,1915,39351947
France,FRA,1916,39122898
France,FRA,1917,38895178
France,FRA,1918,38680067
France,FRA,1919,38558175
France,FRA,1920,38529587
France,FRA,1921,38594388
France,FRA,1922,38752667
France,FRA,1923,39004517
France,FRA,1924,39258004
France,FRA,1925,39513139
France,FRA,1926,39769931
France,FRA,1927,40028393
France,FRA,1928,40288534
France,FRA,1929,40485273
France,FRA,1930,40618294
France,FRA,1931,40687278
France,FRA,1932,40691906
France,FRA,1933,40631855
France,FRA,1934,40571892
France,FRA,1935,40512018
France,FRA,1936,40452232
France,FRA,1937,40392535
France,FRA,1938,40332925
France,FRA,1939,40314566
France,FRA,1940,40337546
France,FRA,1941,40401955
France,FRA,1942,40507882
France,FRA,1943,40655418
France,FRA,1944,40803492
France,FRA,1945,40952105
France,FRA,1946,41101259
France,FRA,1947,41250956
France,FRA,1948,41401199
France,FRA,1949,41598134
France,FRA,1950,41883122
France,FRA,1951,42333662
France,FRA,1952,42780274
France,FRA,1953,43227873
France,FRA,1954,43676898
France,FRA,1955,44136093
France,FRA,1956,44588525
France,FRA,1957,45036374
France,FRA,1958,45493502
France,FRA,1959,45963766
France,FRA,1960,46428136
France,FRA,1961,46893841
France,FRA,1962,47352626
France,FRA,1963,47817823
France,FRA,1964,48319087
France,FRA,1965,48772824
France,FRA,1966,49184651
France,FRA,1967,49574907
France,FRA,1968,49947252
France,FRA,1969,50355300
France,FRA,1970,50813071
France,FRA,1971,51293056
France,FRA,1972,51743877
France,FRA,1973,52162210
France,FRA,1974,52504744
France,FRA,1975,52746324
France,FRA,1976,52959120
France,FRA,1977,53197133
France,FRA,1978,53429668
France,FRA,1979,53660898
France,FRA,1980,53941061
France,FRA,1981,54255004
France,FRA,1982,54582405
France,FRA,1983,54889407
France,FRA,1984,55176626
France,FRA,1985,55467153
France,FRA,1986,55752833
France,FRA,1987,56048366
France,FRA,1988,56361846
France,FRA,1989,56685081
France,FRA,1990,56990239
France,FRA,1991,57271564
France,FRA,1992,57554867
France,FRA,1993,57801261
France,FRA,1994,57999868
France,FRA,1995,58192207
France,FRA,1996,58380638
France,FRA,1997,58568662
France,FRA,1998,58778817
France,FRA,1999,59084209
France,FRA,2000,59483716
France,FRA,2001,59905131
France,FRA,2002,60327247
France,FRA,2003,60741119
France,FRA,2004,61175244
France,FRA,2005,61625031
France,FRA,2006,62049831
France,FRA,2007,62432438
France,FRA,2008,62780187
France,FRA,2009,63106460
France,FRA,2010,63417366
France,FRA,2011,63733776
France,FRA,2012,64058465
France,FRA,2013,64387736
France,FRA,2014,64692495
France,FRA,2015,64916337
France,FRA,2016,65086853
France,FRA,2017,65284775
France,FRA,2018,65519537
France,FRA,2019,65729460
France,FRA,2020,65905273
France,FRA,2021,66083547
France,FRA,2022,66277412
France,FRA,2023,66438828
Germany,DEU,-10000,6576
Germany,DEU,-9000,9864
Germany,DEU,-8000,14796
Germany,DEU,-7000,22195
Germany,DEU,-6000,33292
Germany,DEU,-5000,44939
Germany,DEU,-4000,87409
Germany,DEU,-3000,161113
Germany,DEU,-2000,316670
Germany,DEU,-1000,625005
Germany,DEU,0,3000000
Germany,DEU,100,3250000
Germany,DEU,200,3500000
Germany,DEU,300,3500000
Germany,DEU,400,3500000
Germany,DEU,500,3250000
Germany,DEU,600,3000000
Germany,DEU,700,3125000
Germany,DEU,800,3250000
Germany,DEU,900,3375000
Germany,DEU,1000,3500000
Germany,DEU,1100,4000000
Germany,DEU,1200,6000000
Germany,DEU,1300,9000000
Germany,DEU,1400,6500000
Germany,DEU,1500,9000000
Germany,DEU,1600,12000000
Germany,DEU,1700,13000000
Germany,DEU,1710,13978611
Germany,DEU,1720,14957593
Germany,DEU,1730,15936975
Germany,DEU,1740,16916784
Germany,DEU,1750,17897050
Germany,DEU,1760,18891900
Germany,DEU,1770,19886750
Germany,DEU,1780,20881600
Germany,DEU,1790,21876450
Germany,DEU,1800,18000000
Germany,DEU,1801,18294612
Germany,DEU,1802,18594046
Germany,DEU,1803,18898381
Germany,DEU,1804,19207698
Germany,DEU,1805,19522077
Germany,DEU,1806,19841601
Germany,DEU,1807,20166356
Germany,DEU,1808,20496425
Germany,DEU,1809,20831897
Germany,DEU,1810,21178441
Germany,DEU,1811,21525076
Germany,DEU,1812,21877384
Germany,DEU,1813,22235459
Germany,DEU,1814,22599394
Germany,DEU,1815,22969286
Germany,DEU,1816,23345232
Germany,DEU,1817,23727332
Germany,DEU,1818,24115685
Germany,DEU,1819,24488367
Germany,DEU,1820,24844857
Germany,DEU,1821,25184625
Germany,DEU,1822,25507128
Germany,DEU,1823,25811809
Germany,DEU,1824,26120130
Germany,DEU,1825,26432134
Germany,DEU,1826,26747865
Germany,DEU,1827,27067367
Germany,DEU,1828,27390685
Germany,DEU,1829,27709637
Germany,DEU,1830,28024082
Germany,DEU,1831,28333882
Germany,DEU,1832,28638891
Germany,DEU,1833,28938965
Germany,DEU,1834,29242182
Germany,DEU,1835,29548576
Germany,DEU,1836,29858181
Germany,DEU,1837,30171030
Germany,DEU,1838,30487157
Germany,DEU,1839,30791884
Germany,DEU,1840,31084973
Germany,DEU,1841,31366182
Germany,DEU,1842,31635265
Germany,DEU,1843,31891972
Germany,DEU,1844,32150762
Germany,DEU,1845,32411652
Germany,DEU,1846,32674660
Germany,DEU,1847,32939801
Germany,DEU,1848,33207094
Germany,DEU,1849,33466493
Germany,DEU,1850,33717866
Germany,DEU,1851,33977773
Germany,DEU,1852,34229621
Germany,DEU,1853,34473260
Germany,DEU,1854,34718626
Germany,DEU,1855,34965729
Germany,DEU,1856,35214583
Germany,DEU,1857,35465199
Germany,DEU,1858,35717590
Germany,DEU,1859,35985319
Germany,DEU,1860,36268623
Germany,DEU,1861,36567743
Germany,DEU,1862,36882921
Germany,DEU,1863,37214403
Germany,DEU,1864,37548856
Germany,DEU,1865,37886306
Germany,DEU,1866,38226779
Germany,DEU,1867,38570302
Germany,DEU,1868,38916904
Germany,DEU,1869,39281564
Germany,DEU,1870,39664615
Germany,DEU,1871,40066395
Germany,DEU,1872,40487243
Germany,DEU,1873,40927508
Germany,DEU,1874,41372550
Germany,DEU,1875,41822422
Germany,DEU,1876,42277176
Germany,DEU,1877,42736865
Germany,DEU,1878,43201541
Germany,DEU,1879,43659611
Germany,DEU,1880,44110884
Germany,DEU,1881,44555169
Germany,DEU,1882,44992270
Germany,DEU,1883,45421989
Germany,DEU,1884,45855801
Germany,DEU,1885,46293746
Germany,DEU,1886,46735862
Germany,DEU,1887,47182190
Germany,DEU,1888,47632769
Germany,DEU,1889,48129782
Germany,DEU,1890,48674276
Germany,DEU,1891,49267320
Germany,DEU,1892,49910000
Germany,DEU,1893,50603420
Germany,DEU,1894,51306462
Germany,DEU,1895,52019260
Germany,DEU,1896,52741949
Germany,DEU,1897,53474665
Germany,DEU,1898,54217548
Germany,DEU,1899,54984276
Germany,DEU,1900,55775391
Germany,DEU,1901,56591445
Germany,DEU,1902,57433002
Germany,DEU,1903,58300637
Germany,DEU,1904,59181365
Germany,DEU,1905,60075384
Germany,DEU,1906,60982895
Germany,DEU,1907,61904101
Germany,DEU,1908,62839208
Germany,DEU,1909,63557664
Germany,DEU,1910,64056716
Germany,DEU,1911,64333569
Germany,DEU,1912,64385385
Germany,DEU,1913,64209282
Germany,DEU,1914,64033646
Germany,DEU,1915,63858476
Germany,DEU,1916,63683770
Germany,DEU,1917,63509528
Germany,DEU,1918,63305628
Germany,DEU,1919,63226761
Germany,DEU,1920,63273356
Germany,DEU,1921,63445847
Germany,DEU,1922,63744670
Germany,DEU,1923,64170268
Germany,DEU,1924,64598707
Germany,DEU,1925,65030007
Germany,DEU,1926,65464186
Germany,DEU,1927,65901264
Germany,DEU,1928,66341260
Germany,DEU,1929,66789491
Germany,DEU,1930,67246048
Germany,DEU,1931,67711026
Germany,DEU,1932,68184518
Germany,DEU,1933,68666619
Germany,DEU,1934,69152129
Germany,DEU,1935,69641071
Germany,DEU,1936,70133471
Germany,DEU,1937,70629352
Germany,DEU,1938,71128740
Germany,DEU,1939,71499194
Germany,DEU,1940,71740083
Germany,DEU,1941,71850770
Germany,DEU,1942,71830612
Germany,DEU,1943,71678963
Germany,DEU,1944,71527635
Germany,DEU,1945,71376625
Germany,DEU,1946,71225935
Germany,DEU,1947,71075562
Germany,DEU,1948,70925507
Germany,DEU,1949,70888212
Germany,DEU,1950,69847778
Germany,DEU,1951,69782050
Germany,DEU,1952,69826948
Germany,DEU,1953,69935116
Germany,DEU,1954,70104621
Germany,DEU,1955,70334149
Germany,DEU,1956,70613897
Germany,DEU,1957,71088145
Germany,DEU,1958,71694674
Germany,DEU,1959,72241718
Germany,DEU,1960,72811635
Germany,DEU,1961,73376114
Germany,DEU,1962,73997000
Germany,DEU,1963,74698003
Germany,DEU,1964,75313480
Germany,DEU,1965,75966968
Germany,DEU,1966,76611025
Germany,DEU,1967,76970794
Germany,DEU,1968,77321280
Germany,DEU,1969,77944022
Germany,DEU,1970,78205103
Germany,DEU,1971,78345876
Germany,DEU,1972,78719924
Germany,DEU,1973,78966975
Germany,DEU,1974,78996691
Germany,DEU,1975,78701861
Germany,DEU,1976,78364503
Germany,DEU,1977,78185560
Germany,DEU,1978,78115357
Germany,DEU,1979,78147898
Germany,DEU,1980,78315373
Germany,DEU,1981,78448044
Germany,DEU,1982,78393670
Germany,DEU,1983,78224137
Germany,DEU,1984,77998197
Germany,DEU,1985,77863423
Germany,DEU,1986,77923806
Germany,DEU,1987,78062321
Germany,DEU,1988,78385992
Germany,DEU,1989,79007062
Germany,DEU,1990,79707963
Germany,DEU,1991,80303190
Germany,DEU,1992,80934901
Germany,DEU,1993,81486771
Germany,DEU,1994,81773613
Germany,DEU,1995,82019890
Germany,DEU,1996,82263195
Germany,DEU,1997,82389631
Germany,DEU,1998,82011933
Germany,DEU,1999,81678279
Germany,DEU,2000,81797255
Germany,DEU,2001,81933882
Germany,DEU,2002,82068328
Germany,DEU,2003,82111619
Germany,DEU,2004,82092706
Germany,DEU,2005,82046733
Germany,DEU,2006,81701971
Germany,DEU,2007,81298546
Germany,DEU,2008,81110780
Germany,DEU,2009,80935276
Germany,DEU,2010,80830916
Germany,DEU,2011,80857877
Germany,DEU,2012,80916391
Germany,DEU,2013,81041581
Germany,DEU,2014,81376078
Germany,DEU,2015,82077546
Germany,DEU,2016,82760102
Germany,DEU,2017,83104010
Germany,DEU,2018,83368507
Germany,DEU,2019,83559184
Germany,DEU,2020,83628711
Germany,DEU,2021,83697080
Germany,DEU,2022,84086227
Germany,DEU,2023,84548233
Italy,ITA,-10000,12658
Italy,ITA,-9000,16879
Italy,ITA,-8000,22509
Italy,ITA,-7000,30019
Italy,ITA,-6000,52539
Italy,ITA,-5000,75078
Italy,ITA,-4000,150157
Italy,ITA,-3000,300314
Italy,ITA,-2000,1000628
Italy,ITA,-1000,2001257
Italy,ITA,0,7459070
Italy,ITA,100,7083713
Italy,ITA,200,6707595
Italy,ITA,300,6331477
Italy,ITA,400,5955361
Italy,ITA,500,3984794
Italy,ITA,600,2003606
Italy,ITA,700,3003664
Italy,ITA,800,4003724
Italy,ITA,900,4503786
Italy,ITA,1000,5203848
Italy,ITA,1100,6503911
Italy,ITA,1200,8503977
Italy,ITA,1300,12504043
Italy,ITA,1400,8004110
Italy,ITA,1500,9004179
Italy,ITA,1600,13277249
Italy,ITA,1700,13485321
Italy,ITA,1710,13900171
Italy,ITA,1720,14379528
Italy,ITA,1730,14875420
Italy,ITA,1740,15388414
Italy,ITA,1750,15919102
Italy,ITA,1760,16468094
Italy,ITA,1770,17036020
Italy,ITA,1780,17623536
Italy,ITA,1790,18231314
Italy,ITA,1800,19000000
Italy,ITA,1801,19057138
Italy,ITA,1802,19114447
Italy,ITA,1803,19171929
Italy,ITA,1804,19229584
Italy,ITA,1805,19287412
Italy,ITA,1806,19345415
Italy,ITA,1807,19403591
Italy,ITA,1808,19461943
Italy,ITA,1809,19520470
Italy,ITA,1810,19579349
Italy,ITA,1811,19638229
Italy,ITA,1812,19697286
Italy,ITA,1813,19756521
Italy,ITA,1814,19815934
Italy,ITA,1815,19875525
Italy,ITA,1816,19935296
Italy,ITA,1817,19995247
Italy,ITA,1818,20055377
Italy,ITA,1819,20129529
Italy,ITA,1820,20217832
Italy,ITA,1821,20320419
Italy,ITA,1822,20437423
Italy,ITA,1823,20568978
Italy,ITA,1824,20701381
Italy,ITA,1825,20834635
Italy,ITA,1826,20968748
Italy,ITA,1827,21103723
Italy,ITA,1828,21239568
Italy,ITA,1829,21376294
Italy,ITA,1830,21513909
Italy,ITA,1831,21652416
Italy,ITA,1832,21791823
Italy,ITA,1833,21932135
Italy,ITA,1834,22073351
Italy,ITA,1835,22215476
Italy,ITA,1836,22358516
Italy,ITA,1837,22502477
Italy,ITA,1838,22647364
Italy,ITA,1839,22793194
Italy,ITA,1840,22939972
Italy,ITA,1841,23087704
Italy,ITA,1842,23236396
Italy,ITA,1843,23386055
Italy,ITA,1844,23536678
Italy,ITA,1845,23688271
Italy,ITA,1846,23840841
Italy,ITA,1847,23994393
Italy,ITA,1848,24148934
Italy,ITA,1849,24304454
Italy,ITA,1850,24460960
Italy,ITA,1851,24612813
Italy,ITA,1852,24765592
Italy,ITA,1853,24919302
Italy,ITA,1854,25073965
Italy,ITA,1855,25229586
Italy,ITA,1856,25386172
Italy,ITA,1857,25543728
Italy,ITA,1858,25702261
Italy,ITA,1859,25863255
Italy,ITA,1860,26026734
Italy,ITA,1861,26192723
Italy,ITA,1862,26361247
Italy,ITA,1863,26532332
Italy,ITA,1864,26704525
Italy,ITA,1865,26877835
Italy,ITA,1866,27052267
Italy,ITA,1867,27227831
Italy,ITA,1868,27404532
Italy,ITA,1869,27576990
Italy,ITA,1870,27745148
Italy,ITA,1871,27908950
Italy,ITA,1872,28068339
Italy,ITA,1873,28223256
Italy,ITA,1874,28379027
Italy,ITA,1875,28535657
Italy,ITA,1876,28693149
Italy,ITA,1877,28851509
Italy,ITA,1878,29010741
Italy,ITA,1879,29178818
Italy,ITA,1880,29355842
Italy,ITA,1881,29541914
Italy,ITA,1882,29737139
Italy,ITA,1883,29941621
Italy,ITA,1884,30147508
Italy,ITA,1885,30354809
Italy,ITA,1886,30563534
Italy,ITA,1887,30773692
Italy,ITA,1888,30985293
Italy,ITA,1889,31191675
Italy,ITA,1890,31392763
Italy,ITA,1891,31588484
Italy,ITA,1892,31778763
Italy,ITA,1893,31963526
Italy,ITA,1894,32149360
Italy,ITA,1895,32336274
Italy,ITA,1896,32524272
Italy,ITA,1897,32713362
Italy,ITA,1898,32903549
Italy,ITA,1899,33109815
Italy,ITA,1900,33332371
Italy,ITA,1901,33571430
Italy,ITA,1902,33827207
Italy,ITA,1903,34099919
Italy,ITA,1904,34374827
Italy,ITA,1905,34651950
Italy,ITA,1906,34931305
Italy,ITA,1907,35212911
Italy,ITA,1908,35496784
Italy,ITA,1909,35739219
Italy,ITA,1910,35939804
Italy,ITA,1911,36098124
Italy,ITA,1912,36213760
Italy,ITA,1913,36286291
Italy,ITA,1914,36358965
Italy,ITA,1915,36431783
Italy,ITA,1916,36504744
Italy,ITA,1917,36577850
Italy,ITA,1918,36659635
Italy,ITA,1919,36789373
Italy,ITA,1920,36967588
Italy,ITA,1921,37194808
Italy,ITA,1922,37471567
Italy,ITA,1923,37798403
Italy,ITA,1924,38128090
Italy,ITA,1925,38460652
Italy,ITA,1926,38796116
Italy,ITA,1927,39134505
Italy,ITA,1928,39475845
Italy,ITA,1929,39817412
Italy,ITA,1930,40159184
Italy,ITA,1931,40501139
Italy,ITA,1932,40843255
Italy,ITA,1933,41185511
Italy,ITA,1934,41530635
Italy,ITA,1935,41878651
Italy,ITA,1936,42229584
Italy,ITA,1937,42583457
Italy,ITA,1938,42940295
Italy,ITA,1939,43279914
Italy,ITA,1940,43602046
Italy,ITA,1941,43906421
Italy,ITA,1942,44192767
Italy,ITA,1943,44460808
Italy,ITA,1944,44730474
Italy,ITA,1945,45001776
Italy,ITA,1946,45274723
Italy,ITA,1947,45549326
Italy,ITA,1948,45825595
Italy,ITA,1949,46106450
Italy,ITA,1950,46391674
Italy,ITA,1951,46751901
Italy,ITA,1952,47018177
Italy,ITA,1953,47410885
Italy,ITA,1954,47832233
Italy,ITA,1955,48130817
Italy,ITA,1956,48401948
Italy,ITA,1957,48657025
Italy,ITA,1958,48927096
Italy,ITA,1959,49219450
Italy,ITA,1960,49514555
Italy,ITA,1961,49815254
Italy,ITA,1962,50170591
Italy,ITA,1963,50570978
Italy,ITA,1964,51019579
Italy,ITA,1965,51480733
Italy,ITA,1966,51919068
Italy,ITA,1967,52338335
Italy,ITA,1968,52712156
Italy,ITA,1969,53060141
Italy,ITA,1970,53390231
Italy,ITA,1971,53707794
Italy,ITA,1972,54067562
Italy,ITA,1973,54450571
Italy,ITA,1974,54821114
Italy,ITA,1975,55166046
Italy,ITA,1976,55459415
Italy,ITA,1977,55714552
Italy,ITA,1978,55938969
Italy,ITA,1979,56132382
Italy,ITA,1980,56412086
Italy,ITA,1981,56646752
Italy,ITA,1982,56719178
Italy,ITA,1983,56766114
Italy,ITA,1984,56810355
Italy,ITA,1985,56855499
Italy,ITA,1986,56875982
Italy,ITA,1987,56891919
Italy,ITA,1988,56928748
Italy,ITA,1989,56976750
Italy,ITA,1990,57031457
Italy,ITA,1991,57075394
Italy,ITA,1992,57124993
Italy,ITA,1993,57170762
Italy,ITA,1994,57420136
Italy,ITA,1995,57403342
Italy,ITA,1996,57162098
Italy,ITA,1997,57189272
Italy,ITA,1998,57215190
Italy,ITA,1999,57240796
Italy,ITA,2000,57272200
Italy,ITA,2001,57305760
Italy,ITA,2002,57420636
Italy,ITA,2003,57739697
Italy,ITA,2004,58176736
Italy,ITA,2005,58519696
Italy,ITA,2006,58754434
Italy,ITA,2007,59108723
Italy,ITA,2008,59561687
Italy,ITA,2009,59904016
Italy,ITA,2010,60164212
Italy,ITA,2011,60367882
Italy,ITA,2012,60531522
Italy,ITA,2013,60653864
Italy,ITA,2014,60664169
Italy,ITA,2015,60575314
Italy,ITA,2016,60478103
Italy,ITA,2017,60390317
Italy,ITA,2018,60277496
Italy,ITA,2019,60130136
Italy,ITA,2020,59912763
Italy,ITA,2021,59729353
Italy,ITA,2022,59619106
Italy,ITA,2023,59499452
Norway,NOR,-10000,237
Norway,NOR,-9000,316
Norway,NOR,-8000,421
Norway,NOR,-7000,562
Norway,NOR,-6000,750
Norway,NOR,-5000,1000
Norway,NOR,-4000,1000
Norway,NOR,-3000,2000
Norway,NOR,-2000,5000
Norway,NOR,-1000,10000
Norway,NOR,0,100000
Norway,NOR,100,110000
Norway,NOR,200,120000
Norway,NOR,300,130000
Norway,NOR,400,140000
Norway,NOR,500,150000
Norway,NOR,600,160000
Norway,NOR,700,170000
Norway,NOR,800,180000
Norway,NOR,900,190000
Norway,NOR,1000,200000
Norway,NOR,1100,270000
Norway,NOR,1200,340000
Norway,NOR,1300,400000
Norway,NOR,1400,200000
Norway,NOR,1500,400000
Norway,NOR,1600,500000
Norway,NOR,1700,600045
Norway,NOR,1710,621629
Norway,NOR,1720,643990
Norway,NOR,1730,667155
Norway,NOR,1740,691154
Norway,NOR,1750,716015
Norway,NOR,1760,741771
Norway,NOR,1770,768454
Norway,NOR,1780,796096
Norway,NOR,1790,824732
Norway,NOR,1800,900000
Norway,NOR,1801,898489
Norway,NOR,1802,896980
Norway,NOR,1803,895473
Norway,NOR,1804,893970
Norway,NOR,1805,892468
Norway,NOR,1806,890970
Norway,NOR,1807,889474
Norway,NOR,1808,887980
Norway,NOR,1809,886489
Norway,NOR,1810,890801
Norway,NOR,1811,895142
Norway,NOR,1812,901458
Norway,NOR,1813,909763
Norway,NOR,1814,918145
Norway,NOR,1815,926604
Norway,NOR,1816,935141
Norway,NOR,1817,943756
Norway,NOR,1818,952451
Norway,NOR,1819,962318
Norway,NOR,1820,973385
Norway,NOR,1821,985679
Norway,NOR,1822,999229
Norway,NOR,1823,1014062
Norway,NOR,1824,1029115
Norway,NOR,1825,1044391
Norway,NOR,1826,1059895
Norway,NOR,1827,1075628
Norway,NOR,1828,1091595
Norway,NOR,1829,1106700
Norway,NOR,1830,1120917
Norway,NOR,1831,1134224
Norway,NOR,1832,1146595
Norway,NOR,1833,1158005
Norway,NOR,1834,1169529
Norway,NOR,1835,1181168
Norway,NOR,1836,1192922
Norway,NOR,1837,1204794
Norway,NOR,1838,1216783
Norway,NOR,1839,1229289
Norway,NOR,1840,1242319
Norway,NOR,1841,1255885
Norway,NOR,1842,1269997
Norway,NOR,1843,1284663
Norway,NOR,1844,1299499
Norway,NOR,1845,1314507
Norway,NOR,1846,1329687
Norway,NOR,1847,1345043
Norway,NOR,1848,1360577
Norway,NOR,1849,1376908
Norway,NOR,1850,1394054
Norway,NOR,1851,1412140
Norway,NOR,1852,1431080
Norway,NOR,1853,1450893
Norway,NOR,1854,1470981
Norway,NOR,1855,1491347
Norway,NOR,1856,1511995
Norway,NOR,1857,1532929
Norway,NOR,1858,1554152
Norway,NOR,1859,1573950
Norway,NOR,1860,1592288
Norway,NOR,1861,1609129
Norway,NOR,1862,1624440
Norway,NOR,1863,1638184
Norway,NOR,1864,1652044
Norway,NOR,1865,1666021
Norway,NOR,1866,1680117
Norway,NOR,1867,1694331
Norway,NOR,1868,1708666
Norway,NOR,1869,1723729
Norway,NOR,1870,1739532
Norway,NOR,1871,1756087
Norway,NOR,1872,1773407
Norway,NOR,1873,1791506
Norway,NOR,1874,1809789
Norway,NOR,1875,1828260
Norway,NOR,1876,1846918
Norway,NOR,1877,1865767
Norway,NOR,1878,1884808
Norway,NOR,1879,1901683
Norway,NOR,1880,1916359
Norway,NOR,1881,1928804
Norway,NOR,1882,1938985
Norway,NOR,1883,1946870
Norway,NOR,1884,1954788
Norway,NOR,1885,1962737
Norway,NOR,1886,1970719
Norway,NOR,1887,1978733
Norway,NOR,1888,1986779
Norway,NOR,1889,1997704
Norway,NOR,1890,2011552
Norway,NOR,1891,2028366
Norway,NOR,1892,2048191
Norway,NOR,1893,2071072
Norway,NOR,1894,2094209
Norway,NOR,1895,2117605
Norway,NOR,1896,2141262
Norway,NOR,1897,2165183
Norway,NOR,1898,2189372
Norway,NOR,1899,2211863
Norway,NOR,1900,2232623
Norway,NOR,1901,2251621
Norway,NOR,1902,2268821
Norway,NOR,1903,2284192
Norway,NOR,1904,2299667
Norway,NOR,1905,2315246
Norway,NOR,1906,2330932
Norway,NOR,1907,2346723
Norway,NOR,1908,2362621
Norway,NOR,1909,2380237
Norway,NOR,1910,2399597
Norway,NOR,1911,2420731
Norway,NOR,1912,2443667
Norway,NOR,1913,2468434
Norway,NOR,1914,2493453
Norway,NOR,1915,2518725
Norway,NOR,1916,2544253
Norway,NOR,1917,2570040
Norway,NOR,1918,2595896
Norway,NOR,1919,2620044
Norway,NOR,1920,2642453
Norway,NOR,1921,2663094
Norway,NOR,1922,2681936
Norway,NOR,1923,2698948
Norway,NOR,1924,2716069
Norway,NOR,1925,2733298
Norway,NOR,1926,2750636
Norway,NOR,1927,2768084
Norway,NOR,1928,2785643
Norway,NOR,1929,2802985
Norway,NOR,1930,2820108
Norway,NOR,1931,2837007
Norway,NOR,1932,2853680
Norway,NOR,1933,2870123
Norway,NOR,1934,2886661
Norway,NOR,1935,2903294
Norway,NOR,1936,2920023
Norway,NOR,1937,2936848
Norway,NOR,1938,2953771
Norway,NOR,1939,2972974
Norway,NOR,1940,2994493
Norway,NOR,1941,3018361
Norway,NOR,1942,3044613
Norway,NOR,1943,3073283
Norway,NOR,1944,3102224
Norway,NOR,1945,3131436
Norway,NOR,1946,3160924
Norway,NOR,1947,3190690
Norway,NOR,1948,3220736
Norway,NOR,1949,3250978
Norway,NOR,1950,3265199
Norway,NOR,1951,3295964
Norway,NOR,1952,3327839
Norway,NOR,1953,3361030
Norway,NOR,1954,3394397
Norway,NOR,1955,3428532
Norway,NOR,1956,3461074
Norway,NOR,1957,3491980
Norway,NOR,1958,3523007
Norway,NOR,1959,3552828
Norway,NOR,1960,3581119
Norway,NOR,1961,3609661
Norway,NOR,1962,3638841
Norway,NOR,1963,3666497
Norway,NOR,1964,3694319
Norway,NOR,1965,3723173
Norway,NOR,1966,3752788
Norway,NOR,1967,3784111
Norway,NOR,1968,3816089
Norway,NOR,1969,3847304
Norway,NOR,1970,3875351
Norway,NOR,1971,3902754
Norway,NOR,1972,3932913
Norway,NOR,1973,3960597
Norway,NOR,1974,3985283
Norway,NOR,1975,4007368
Norway,NOR,1976,4026219
Norway,NOR,1977,4043259
Norway,NOR,1978,4058668
Norway,NOR,1979,4072499
Norway,NOR,1980,4085603
Norway,NOR,1981,4099675
Norway,NOR,1982,4114742
Norway,NOR,1983,4128332
Norway,NOR,1984,4139970
Norway,NOR,1985,4152399
Norway,NOR,1986,4167252
Norway,NOR,1987,4186818
Norway,NOR,1988,4209470
Norway,NOR,1989,4226914
Norway,NOR,1990,4241440
Norway,NOR,1991,4261618
Norway,NOR,1992,4286255
Norway,NOR,1993,4311864
Norway,NOR,1994,4336467
Norway,NOR,1995,4358991
Norway,NOR,1996,4381137
Norway,NOR,1997,4404988
Norway,NOR,1998,4431308
Norway,NOR,1999,4461789
Norway,NOR,2000,4490864
Norway,NOR,2001,4513650
Norway,NOR,2002,4538016
Norway,NOR,2003,4564666
Norway,NOR,2004,4591739
Norway,NOR,2005,4623120
Norway,NOR,2006,4660487
Norway,NOR,2007,4709017
Norway,NOR,2008,4768097
Norway,NOR,2009,4828625
Norway,NOR,2010,4889160
Norway,NOR,2011,4952969
Norway,NOR,2012,5018453
Norway,NOR,2013,5080126
Norway,NOR,2014,5137397
Norway,NOR,2015,5189777
Norway,NOR,2016,5235974
Norway,NOR,2017,5276807
Norway,NOR,2018,5311751
Norway,NOR,2019,5347733
Norway,NOR,2020,5379275
Norway,NOR,2021,5408082
Norway,NOR,2022,5456796
Norway,NOR,2023,5519167
Poland,POL,-10000,699
Poland,POL,-9000,1166
Poland,POL,-8000,1944
Poland,POL,-7000,3240
Poland,POL,-6000,5400
Poland,POL,-5000,9000
Poland,POL,-4000,15000
Poland,POL,-3000,25000
Poland,POL,-2000,62500
Poland,POL,-1000,100000
Poland,POL,0,500000
Poland,POL,100,550000
Poland,POL,200,600000
Poland,POL,300,700000
Poland,POL,400,800000
Poland,POL,500,700000
Poland,POL,600,600000
Poland,POL,700,800000
Poland,POL,800,1000000
Poland,POL,900,1125000
Poland,POL,1000,1250000
Poland,POL,1100,1500000
Poland,POL,1200,2250000
Poland,POL,1300,3500000
Poland,POL,1400,3500000
Poland,POL,1500,4000000
Poland,POL,1600,5000000
Poland,POL,1700,6000000
Poland,POL,1710,6251205
Poland,POL,1720,6548882
Poland,POL,1730,6860733
Poland,POL,1740,7187435
Poland,POL,1750,7529694
Poland,POL,1760,7888250
Poland,POL,1770,8263881
Poland,POL,1780,8657400
Poland,POL,1790,9069657
Poland,POL,1800,9000000
Poland,POL,1801,9066429
Poland,POL,1802,9133349
Poland,POL,1803,9200762
Poland,POL,1804,9268673
Poland,POL,1805,9337085
Poland,POL,1806,9406002
Poland,POL,1807,9475428
Poland,POL,1808,9545366
Poland,POL,1809,9615821
Poland,POL,1810,9687319
Poland,POL,1811,9758821
Poland,POL,1812,9830851
Poland,POL,1813,9903413
Poland,POL,1814,9976510
Poland,POL,1815,10050147
Poland,POL,1816,10124327
Poland,POL,1817,10199055
Poland,POL,1818,10274334
Poland,POL,1819,10350171
Poland,POL,1820,10426570
Poland,POL,1821,10503535
Poland,POL,1822,10581070
Poland,POL,1823,10659180
Poland,POL,1824,10737866
Poland,POL,1825,10817133
Poland,POL,1826,10896985
Poland,POL,1827,10977426
Poland,POL,1828,11058462
Poland,POL,1829,11140095
Poland,POL,1830,11222331
Poland,POL,1831,11305175
Poland,POL,1832,11388630
Poland,POL,1833,11472700
Poland,POL,1834,11557392
Poland,POL,1835,11642709
Poland,POL,1836,11728655
Poland,POL,1837,11815236
Poland,POL,1838,11902456
Poland,POL,1839,11990320
Poland,POL,1840,12078833
Poland,POL,1841,12167999
Poland,POL,1842,12257823
Poland,POL,1843,12348310
Poland,POL,1844,12439465
Poland,POL,1845,12531294
Poland,POL,1846,12623800
Poland,POL,1847,12716989
Poland,POL,1848,12810865
Poland,POL,1849,12920301
Poland,POL,1850,13045605
Poland,POL,1851,13182509
Poland,POL,1852,13335806
Poland,POL,1853,13505801
Poland,POL,1854,13677962
Poland,POL,1855,13852316
Poland,POL,1856,14028890
Poland,POL,1857,14207714
Poland,POL,1858,14388815
Poland,POL,1859,14572223
Poland,POL,1860,14757967
Poland,POL,1861,14946077
Poland,POL,1862,15136583
Poland,POL,1863,15329515
Poland,POL,1864,15524904
Poland,POL,1865,15722782
Poland,POL,1866,15923179
Poland,POL,1867,16126130
Poland,POL,1868,16331664
Poland,POL,1869,16547224
Poland,POL,1870,16773045
Poland,POL,1871,17009367
Poland,POL,1872,17256436
Poland,POL,1873,17514502
Poland,POL,1874,17776425
Poland,POL,1875,18042263
Poland,POL,1876,18312073
Poland,POL,1877,18585917
Poland,POL,1878,18863853
Poland,POL,1879,19145943
Poland,POL,1880,19432249
Poland,POL,1881,19722834
Poland,POL,1882,20017762
Poland,POL,1883,20317098
Poland,POL,1884,20620907
Poland,POL,1885,20929256
Poland,POL,1886,21242214
Poland,POL,1887,21559849
Poland,POL,1888,21882231
Poland,POL,1889,22176477
Poland,POL,1890,22441927
Poland,POL,1891,22677908
Poland,POL,1892,22883734
Poland,POL,1893,23058710
Poland,POL,1894,23235021
Poland,POL,1895,23412677
Poland,POL,1896,23591688
Poland,POL,1897,23772066
Poland,POL,1898,23953819
Poland,POL,1899,24134036
Poland,POL,1900,24312686
Poland,POL,1901,24489736
Poland,POL,1902,24665156
Poland,POL,1903,24838911
Poland,POL,1904,25013887
Poland,POL,1905,25190093
Poland,POL,1906,25367537
Poland,POL,1907,25546228
Poland,POL,1908,25726174
Poland,POL,1909,25813800
Poland,POL,1910,25809505
Poland,POL,1911,25713684
Poland,POL,1912,25526720
Poland,POL,1913,25248988
Poland,POL,1914,24974275
Poland,POL,1915,24702547
Poland,POL,1916,24433773
Poland,POL,1917,24167920
Poland,POL,1918,23913465
Poland,POL,1919,23787804
Poland,POL,1920,23791651
Poland,POL,1921,23925744
Poland,POL,1922,24190850
Poland,POL,1923,24587764
Poland,POL,1924,24991189
Poland,POL,1925,25401234
Poland,POL,1926,25818006
Poland,POL,1927,26241617
Poland,POL,1928,26672178
Poland,POL,1929,27053912
Poland,POL,1930,27385667
Poland,POL,1931,27666271
Poland,POL,1932,27894531
Poland,POL,1933,28069231
Poland,POL,1934,28245024
Poland,POL,1935,28421919
Poland,POL,1936,28599922
Poland,POL,1937,28779039
Poland,POL,1938,28959278
Poland,POL,1939,28993497
Poland,POL,1940,28883551
Poland,POL,1941,28631257
Poland,POL,1942,28238390
Poland,POL,1943,27706686
Poland,POL,1944,27184994
Poland,POL,1945,26673126
Poland,POL,1946,26170895
Poland,POL,1947,25678120
Poland,POL,1948,25194625
Poland,POL,1949,24897453
Poland,POL,1950,24780169
Poland,POL,1951,25222692
Poland,POL,1952,25672466
Poland,POL,1953,26126457
Poland,POL,1954,26590478
Poland,POL,1955,27063640
Poland,POL,1956,27535570
Poland,POL,1957,28076495
Poland,POL,1958,28643644
Poland,POL,1959,29132534
Poland,POL,1960,29575967
Poland,POL,1961,29979692
Poland,POL,1962,30338094
Poland,POL,1963,30674024
Poland,POL,1964,30993140
Poland,POL,1965,31288338
Poland,POL,1966,31568281
Poland,POL,1967,31828626
Poland,POL,1968,32078388
Poland,POL,1969,32322778
Poland,POL,1970,32542639
Poland,POL,1971,32771298
Poland,POL,1972,33041993
Poland,POL,1973,33333275
Poland,POL,1974,33642463
Poland,POL,1975,33964400
Poland,POL,1976,34296611
Poland,POL,1977,34628513
Poland,POL,1978,34934216
Poland,POL,1979,35248382
Poland,POL,1980,35576518
Poland,POL,1981,35900913
Poland,POL,1982,36233465
Poland,POL,1983,36573700
Poland,POL,1984,36905795
Poland,POL,1985,37200850
Poland,POL,1986,37452612
Poland,POL,1987,37665710
Poland,POL,1988,37817863
Poland,POL,1989,37938086
Poland,POL,1990,38055448
Poland,POL,1991,38152947
Poland,POL,1992,38233636
Poland,POL,1993,38294882
Poland,POL,1994,38344312
Poland,POL,1995,38364668
Poland,POL,1996,38359164
Poland,POL,1997,38348307
Poland,POL,1998,38326431
Poland,POL,1999,38287717
Poland,POL,2000,38258077
Poland,POL,2001,38247359
Poland,POL,2002,38229407
Poland,POL,2003,38203527
Poland,POL,2004,38167568
Poland,POL,2005,38124377
Poland,POL,2006,38071169
Poland,POL,2007,38020420
Poland,POL,2008,37995902
Poland,POL,2009,38002153
Poland,POL,2010,38095356
Poland,POL,2011,38208644
Poland,POL,2012,38247867
Poland,POL,2013,38259267
Poland,POL,2014,38265113
Poland,POL,2015,38266314
Poland,POL,2016,38263260
Poland,POL,2017,38254964
Poland,POL,2018,38241070
Poland,POL,2019,38225884
Poland,POL,2020,38171005
Poland,POL,2021,38040303
Poland,POL,2022,38385734
Poland,POL,2023,38762847
Spain,ESP,-10000,18221
Spain,ESP,-9000,25510
Spain,ESP,-8000,35714
Spain,ESP,-7000,50000
Spain,ESP,-6000,50000
Spain,ESP,-5000,100000
Spain,ESP,-4000,200000
Spain,ESP,-3000,400000
Spain,ESP,-2000,1000000
Spain,ESP,-1000,2000000
Spain,ESP,0,4600000
Spain,ESP,100,4800000
Spain,ESP,200,5000000
Spain,ESP,300,4750000
Spain,ESP,400,4500000
Spain,ESP,500,4000000
Spain,ESP,600,3500000
Spain,ESP,700,3625000
Spain,ESP,800,3750000
Spain,ESP,900,3875000
Spain,ESP,1000,4000000
Spain,ESP,1100,4500000
Spain,ESP,1200,5500000
Spain,ESP,1300,7500000
Spain,ESP,1400,5500000
Spain,ESP,1500,6500000
Spain,ESP,1600,8500000
Spain,ESP,1700,8000000
Spain,ESP,1710,9027659
Spain,ESP,1720,9278427
Spain,ESP,1730,9536162
Spain,ESP,1740,9801055
Spain,ESP,1750,10073306
Spain,ESP,1760,10353121
Spain,ESP,1770,10640707
Spain,ESP,1780,10936282
Spain,ESP,1790,11240068
Spain,ESP,1800,11500000
Spain,ESP,1801,11534168
Spain,ESP,1802,11568438
Spain,ESP,1803,11602809
Spain,ESP,1804,11637283
Spain,ESP,1805,11671859
Spain,ESP,1806,11706538
Spain,ESP,1807,11741320
Spain,ESP,1808,11776205
Spain,ESP,1809,11811194
Spain,ESP,1810,11846391
Spain,ESP,1811,11881588
Spain,ESP,1812,11916890
Spain,ESP,1813,11952297
Spain,ESP,1814,11987809
Spain,ESP,1815,12023426
Spain,ESP,1816,12059150
Spain,ESP,1817,12094979
Spain,ESP,1818,12130915
Spain,ESP,1819,12175970
Spain,ESP,1820,12230231
Spain,ESP,1821,12293786
Spain,ESP,1822,12366723
Spain,ESP,1823,12449131
Spain,ESP,1824,12532089
Spain,ESP,1825,12615600
Spain,ESP,1826,12699667
Spain,ESP,1827,12784295
Spain,ESP,1828,12869486
Spain,ESP,1829,12955253
Spain,ESP,1830,13041601
Spain,ESP,1831,13128533
Spain,ESP,1832,13216052
Spain,ESP,1833,13304164
Spain,ESP,1834,13392863
Spain,ESP,1835,13482154
Spain,ESP,1836,13572039
Spain,ESP,1837,13662525
Spain,ESP,1838,13753613
Spain,ESP,1839,13845298
Spain,ESP,1840,13937584
Spain,ESP,1841,14030474
Spain,ESP,1842,14123973
Spain,ESP,1843,14218084
Spain,ESP,1844,14312822
Spain,ESP,1845,14408192
Spain,ESP,1846,14504197
Spain,ESP,1847,14600842
Spain,ESP,1848,14698130
Spain,ESP,1849,14790851
Spain,ESP,1850,14878948
Spain,ESP,1851,14962372
Spain,ESP,1852,15041059
Spain,ESP,1853,15114951
Spain,ESP,1854,15189206
Spain,ESP,1855,15263826
Spain,ESP,1856,15338812
Spain,ESP,1857,15414166
Spain,ESP,1858,15489891
Spain,ESP,1859,15561625
Spain,ESP,1860,15629333
Spain,ESP,1861,15692979
Spain,ESP,1862,15752530
Spain,ESP,1863,15807948
Spain,ESP,1864,15863561
Spain,ESP,1865,15919369
Spain,ESP,1866,15975374
Spain,ESP,1867,16031576
Spain,ESP,1868,16087976
Spain,ESP,1869,16146102
Spain,ESP,1870,16205967
Spain,ESP,1871,16267583
Spain,ESP,1872,16330962
Spain,ESP,1873,16396117
Spain,ESP,1874,16461531
Spain,ESP,1875,16527207
Spain,ESP,1876,16593144
Spain,ESP,1877,16659345
Spain,ESP,1878,16725809
Spain,ESP,1879,16796632
Spain,ESP,1880,16871852
Spain,ESP,1881,16951508
Spain,ESP,1882,17035639
Spain,ESP,1883,17124285
Spain,ESP,1884,17213392
Spain,ESP,1885,17302962
Spain,ESP,1886,17392999
Spain,ESP,1887,17483504
Spain,ESP,1888,17574480
Spain,ESP,1889,17663309
Spain,ESP,1890,17749968
Spain,ESP,1891,17834434
Spain,ESP,1892,17916684
Spain,ESP,1893,17996694
Spain,ESP,1894,18077062
Spain,ESP,1895,18157788
Spain,ESP,1896,18238875
Spain,ESP,1897,18320325
Spain,ESP,1898,18402137
Spain,ESP,1899,18492800
Spain,ESP,1900,18592411
Spain,ESP,1901,18701066
Spain,ESP,1902,18818864
Spain,ESP,1903,18945905
Spain,ESP,1904,19073803
Spain,ESP,1905,19202565
Spain,ESP,1906,19332196
Spain,ESP,1907,19462702
Spain,ESP,1908,19594089
Spain,ESP,1909,19726214
Spain,ESP,1910,19859082
Spain,ESP,1911,19992695
Spain,ESP,1912,20127058
Spain,ESP,1913,20262175
Spain,ESP,1914,20398200
Spain,ESP,1915,20535137
Spain,ESP,1916,20672994
Spain,ESP,1917,20811776
Spain,ESP,1918,20951479
Spain,ESP,1919,21105927
Spain,ESP,1920,21275357
Spain,ESP,1921,21460007
Spain,ESP,1922,21660122
Spain,ESP,1923,21875945
Spain,ESP,1924,22093919
Spain,ESP,1925,22314065
Spain,ESP,1926,22536404
Spain,ESP,1927,22760959
Spain,ESP,1928,22987751
Spain,ESP,1929,23214389
Spain,ESP,1930,23440849
Spain,ESP,1931,23667105
Spain,ESP,1932,23893132
Spain,ESP,1933,24118905
Spain,ESP,1934,24346811
Spain,ESP,1935,24576871
Spain,ESP,1936,24809105
Spain,ESP,1937,25043533
Spain,ESP,1938,25280177
Spain,ESP,1939,25514739
Spain,ESP,1940,25747164
Spain,ESP,1941,25977393
Spain,ESP,1942,26205369
Spain,ESP,1943,26431030
Spain,ESP,1944,26658635
Spain,ESP,1945,26888200
Spain,ESP,1946,27119742
Spain,ESP,1947,27353278
Spain,ESP,1948,27588824
Spain,ESP,1949,27827617
Spain,ESP,1950,28077048
Spain,ESP,1951,28214862
Spain,ESP,1952,28406044
Spain,ESP,1953,28632701
Spain,ESP,1954,28857828
Spain,ESP,1955,29089774
Spain,ESP,1956,29323672
Spain,ESP,1957,29569970
Spain,ESP,1958,29849658
Spain,ESP,1959,30140710
Spain,ESP,1960,30404938
Spain,ESP,1961,30699568
Spain,ESP,1962,31040106
Spain,ESP,1963,31379831
Spain,ESP,1964,31741586
Spain,ESP,1965,32110669
Spain,ESP,1966,32465887
Spain,ESP,1967,32820751
Spain,ESP,1968,33170121
Spain,ESP,1969,33496941
Spain,ESP,1970,33812720
Spain,ESP,1971,34157447
Spain,ESP,1972,34539861
Spain,ESP,1973,34926521
Spain,ESP,1974,35361763
Spain,ESP,1975,35795771
Spain,ESP,1976,36176273
Spain,ESP,1977,36551267
Spain,ESP,1978,36904970
Spain,ESP,1979,37230370
Spain,ESP,1980,37537560
Spain,ESP,1981,37812708
Spain,ESP,1982,38047097
Spain,ESP,1983,38253247
Spain,ESP,1984,38437483
Spain,ESP,1985,38601315
Spain,ESP,1986,38735706
Spain,ESP,1987,38852007
Spain,ESP,1988,38952258
Spain,ESP,1989,39029557
Spain,ESP,1990,39084975
Spain,ESP,1991,39201750
Spain,ESP,1992,39420344
Spain,ESP,1993,39651627
Spain,ESP,1994,39858721
Spain,ESP,1995,40052733
Spain,ESP,1996,40237375
Spain,ESP,1997,40423823
Spain,ESP,1998,40617436
Spain,ESP,1999,40812855
Spain,ESP,2000,41019772
Spain,ESP,2001,41245602
Spain,ESP,2002,41755703
Spain,ESP,2003,42506540
Spain,ESP,2004,43234562
Spain,ESP,2005,43958883
Spain,ESP,2006,44695446
Spain,ESP,2007,45516501
Spain,ESP,2008,46235055
Spain,ESP,2009,46635182
Spain,ESP,2010,46840469
Spain,ESP,2011,46998040
Spain,ESP,2012,47018323
Spain,ESP,2013,46860394
Spain,ESP,2014,46720187
Spain,ESP,2015,46683683
Spain,ESP,2016,46732768
Spain,ESP,2017,46868594
Spain,ESP,2018,47092817
Spain,ESP,2019,47435121
Spain,ESP,2020,47679482
Spain,ESP,2021,47735670
Spain,ESP,2022,47828386
Spain,ESP,2023,47911583
Sweden,SWE,-10000,237
Sweden,SWE,-9000,316
Sweden,SWE,-8000,421
Sweden,SWE,-7000,562
Sweden,SWE,-6000,750
Sweden,SWE,-5000,1000
Sweden,SWE,-4000,2000
Sweden,SWE,-3000,4000
Sweden,SWE,-2000,10000
Sweden,SWE,-1000,50000
Sweden,SWE,0,200000
Sweden,SWE,100,220000
Sweden,SWE,200,240000
Sweden,SWE,300,260000
Sweden,SWE,400,280000
Sweden,SWE,500,300000
Sweden,SWE,600,320000
Sweden,SWE,700,340000
Sweden,SWE,800,360000
Sweden,SWE,900,380000
Sweden,SWE,1000,400000
Sweden,SWE,1100,470000
Sweden,SWE,1200,540000
Sweden,SWE,1300,1100000
Sweden,SWE,1400,433628
Sweden,SWE,1500,507784
Sweden,SWE,1600,766244
Sweden,SWE,1700,1368171
Sweden,SWE,1710,1422676
Sweden,SWE,1720,1451917
Sweden,SWE,1730,1619739
Sweden,SWE,1740,1719696
Sweden,SWE,1750,1772683
Sweden,SWE,1760,1915532
Sweden,SWE,1770,2036524
Sweden,SWE,1780,2103904
Sweden,SWE,1790,2188347
Sweden,SWE,1800,2500000
Sweden,SWE,1801,2489400
Sweden,SWE,1802,2478845
Sweden,SWE,1803,2468335
Sweden,SWE,1804,2457869
Sweden,SWE,1805,2447448
Sweden,SWE,1806,2437070
Sweden,SWE,1807,2426737
Sweden,SWE,1808,2416448
Sweden,SWE,1809,2406202
Sweden,SWE,1810,2412437
Sweden,SWE,1811,2418704
Sweden,SWE,1812,2430522
Sweden,SWE,1813,2447906
Sweden,SWE,1814,2465415
Sweden,SWE,1815,2483049
Sweden,SWE,1816,2500810
Sweden,SWE,1817,2518697
Sweden,SWE,1818,2536713
Sweden,SWE,1819,2556937
Sweden,SWE,1820,2579409
Sweden,SWE,1821,2604170
Sweden,SWE,1822,2631258
Sweden,SWE,1823,2660715
Sweden,SWE,1824,2690502
Sweden,SWE,1825,2720622
Sweden,SWE,1826,2751079
Sweden,SWE,1827,2781877
Sweden,SWE,1828,2813020
Sweden,SWE,1829,2842832
Sweden,SWE,1830,2871282
Sweden,SWE,1831,2898343
Sweden,SWE,1832,2923984
Sweden,SWE,1833,2948175
Sweden,SWE,1834,2972567
Sweden,SWE,1835,2997160
Sweden,SWE,1836,3021957
Sweden,SWE,1837,3046958
Sweden,SWE,1838,3072167
Sweden,SWE,1839,3098887
Sweden,SWE,1840,3127143
Sweden,SWE,1841,3156963
Sweden,SWE,1842,3188373
Sweden,SWE,1843,3221400
Sweden,SWE,1844,3254769
Sweden,SWE,1845,3288483
Sweden,SWE,1846,3322547
Sweden,SWE,1847,3356964
Sweden,SWE,1848,3391737
Sweden,SWE,1849,3426618
Sweden,SWE,1850,3461607
Sweden,SWE,1851,3496809
Sweden,SWE,1852,3532116
Sweden,SWE,1853,3567529
Sweden,SWE,1854,3603296
Sweden,SWE,1855,3639423
Sweden,SWE,1856,3675911
Sweden,SWE,1857,3712765
Sweden,SWE,1858,3749989
Sweden,SWE,1859,3786484
Sweden,SWE,1860,3822233
Sweden,SWE,1861,3857220
Sweden,SWE,1862,3891427
Sweden,SWE,1863,3924837
Sweden,SWE,1864,3958533
Sweden,SWE,1865,3992519
Sweden,SWE,1866,4026796
Sweden,SWE,1867,4061368
Sweden,SWE,1868,4096237
Sweden,SWE,1869,4132102
Sweden,SWE,1870,4168979
Sweden,SWE,1871,4206884
Sweden,SWE,1872,4245832
Sweden,SWE,1873,4285838
Sweden,SWE,1874,4326221
Sweden,SWE,1875,4366984
Sweden,SWE,1876,4408132
Sweden,SWE,1877,4449667
Sweden,SWE,1878,4491594
Sweden,SWE,1879,4529401
Sweden,SWE,1880,4563030
Sweden,SWE,1881,4592421
Sweden,SWE,1882,4617513
Sweden,SWE,1883,4638245
Sweden,SWE,1884,4659071
Sweden,SWE,1885,4679989
Sweden,SWE,1886,4701002
Sweden,SWE,1887,4722109
Sweden,SWE,1888,4743311
Sweden,SWE,1889,4766883
Sweden,SWE,1890,4792852
Sweden,SWE,1891,4821244
Sweden,SWE,1892,4852087
Sweden,SWE,1893,4885406
Sweden,SWE,1894,4918955
Sweden,SWE,1895,4952734
Sweden,SWE,1896,4986745
Sweden,SWE,1897,5020989
Sweden,SWE,1898,5055469
Sweden,SWE,1899,5089642
Sweden,SWE,1900,5123503
Sweden,SWE,1901,5157047
Sweden,SWE,1902,5190268
Sweden,SWE,1903,5223160
Sweden,SWE,1904,5256260
Sweden,SWE,1905,5289570
Sweden,SWE,1906,5323091
Sweden,SWE,1907,5356825
Sweden,SWE,1908,5390772
Sweden,SWE,1909,5426317
Sweden,SWE,1910,5463482
Sweden,SWE,1911,5502286
Sweden,SWE,1912,5542751
Sweden,SWE,1913,5584898
Sweden,SWE,1914,5627365
Sweden,SWE,1915,5670156
Sweden,SWE,1916,5713272
Sweden,SWE,1917,5756715
Sweden,SWE,1918,5800311
Sweden,SWE,1919,5840331
Sweden,SWE,1920,5876734
Sweden,SWE,1921,5909474
Sweden,SWE,1922,5938507
Sweden,SWE,1923,5963789
Sweden,SWE,1924,5989178
Sweden,SWE,1925,6014675
Sweden,SWE,1926,6040280
Sweden,SWE,1927,6065995
Sweden,SWE,1928,6091819
Sweden,SWE,1929,6116959
Sweden,SWE,1930,6141408
Sweden,SWE,1931,6165161
Sweden,SWE,1932,6188213
Sweden,SWE,1933,6210556
Sweden,SWE,1934,6232980
Sweden,SWE,1935,6255485
Sweden,SWE,1936,6278071
Sweden,SWE,1937,6300739
Sweden,SWE,1938,6323489
Sweden,SWE,1939,6354332
Sweden,SWE,1940,6393377
Sweden,SWE,1941,6440733
Sweden,SWE,1942,6496512
Sweden,SWE,1943,6560825
Sweden,SWE,1944,6625775
Sweden,SWE,1945,6691367
Sweden,SWE,1946,6757610
Sweden,SWE,1947,6824507
Sweden,SWE,1948,6892068
Sweden,SWE,1949,6955459
Sweden,SWE,1950,7016565
Sweden,SWE,1951,7072885
Sweden,SWE,1952,7124674
Sweden,SWE,1953,7171426
Sweden,SWE,1954,7213463
Sweden,SWE,1955,7262328
Sweden,SWE,1956,7315521
Sweden,SWE,1957,7366882
Sweden,SWE,1958,7414351
Sweden,SWE,1959,7453562
Sweden,SWE,1960,7484597
Sweden,SWE,1961,7519996
Sweden,SWE,1962,7561517
Sweden,SWE,1963,7604207
Sweden,SWE,1964,7661190
Sweden,SWE,1965,7733011
Sweden,SWE,1966,7805585
Sweden,SWE,1967,7866403
Sweden,SWE,1968,7912123
Sweden,SWE,1969,7968013
Sweden,SWE,1970,8042783
Sweden,SWE,1971,8098104
Sweden,SWE,1972,8122426
Sweden,SWE,1973,8137166
Sweden,SWE,1974,8160636
Sweden,SWE,1975,8192641
Sweden,SWE,1976,8222392
Sweden,SWE,1977,8251699
Sweden,SWE,1978,8275793
Sweden,SWE,1979,8293749
Sweden,SWE,1980,8310470
Sweden,SWE,1981,8320460
Sweden,SWE,1982,8325179
Sweden,SWE,1983,8328915
Sweden,SWE,1984,8336482
Sweden,SWE,1985,8350249
Sweden,SWE,1986,8369681
Sweden,SWE,1987,8397651
Sweden,SWE,1988,8436358
Sweden,SWE,1989,8492821
Sweden,SWE,1990,8558571
Sweden,SWE,1991,8616955
Sweden,SWE,1992,8667576
Sweden,SWE,1993,8718038
Sweden,SWE,1994,8780190
Sweden,SWE,1995,8826298
Sweden,SWE,1996,8840330
Sweden,SWE,1997,8845525
Sweden,SWE,1998,8850606
Sweden,SWE,1999,8857691
Sweden,SWE,2000,8872099
Sweden,SWE,2001,8896018
Sweden,SWE,2002,8925045
Sweden,SWE,2003,8958434
Sweden,SWE,2004,8993805
Sweden,SWE,2005,9029771
Sweden,SWE,2006,9080628
Sweden,SWE,2007,9148280
Sweden,SWE,2008,9219903
Sweden,SWE,2009,9298738
Sweden,SWE,2010,9378234
Sweden,SWE,2011,9449263
Sweden,SWE,2012,9519477
Sweden,SWE,2013,9600620
Sweden,SWE,2014,9696438
Sweden,SWE,2015,9799483
Sweden,SWE,2016,9923281
Sweden,SWE,2017,10057864
Sweden,SWE,2018,10175400
Sweden,SWE,2019,10279120
Sweden,SWE,2020,10353682
Sweden,SWE,2021,10416134
Sweden,SWE,2022,10487335
Sweden,SWE,2023,10551493
Switzerland,CHE,-10000,507
Switzerland,CHE,-9000,634
Switzerland,CHE,-8000,793
Switzerland,CHE,-7000,992
Switzerland,CHE,-6000,1488
Switzerland,CHE,-5000,1984
Switzerland,CHE,-4000,4960
Switzerland,CHE,-3000,9920
Switzerland,CHE,-2000,19840
Switzerland,CHE,-1000,59521
Switzerland,CHE,0,297608
Switzerland,CHE,100,297906
Switzerland,CHE,200,298204
Switzerland,CHE,300,298503
Switzerland,CHE,400,298801
Switzerland,CHE,500,299100
Switzerland,CHE,600,299400
Switzerland,CHE,700,299700
Switzerland,CHE,800,300000
Switzerland,CHE,900,300000
Switzerland,CHE,1000,300000
Switzerland,CHE,1100,400000
Switzerland,CHE,1200,500000
Switzerland,CHE,1300,800000
Switzerland,CHE,1400,600000
Switzerland,CHE,1500,800000
Switzerland,CHE,1600,1000000
Switzerland,CHE,1700,1250253
Switzerland,CHE,1710,1285873
Switzerland,CHE,1720,1322507
Switzerland,CHE,1730,1360186
Switzerland,CHE,1740,1398937
Switzerland,CHE,1750,1438793
Switzerland,CHE,1760,1479784
Switzerland,CHE,1770,1521943
Switzerland,CHE,1780,1565304
Switzerland,CHE,1790,1609899
Switzerland,CHE,1800,1750000
Switzerland,CHE,1801,1761104
Switzerland,CHE,1802,1772279
Switzerland,CHE,1803,1783525
Switzerland,CHE,1804,1794842
Switzerland,CHE,1805,1806231
Switzerland,CHE,1806,1817692
Switzerland,CHE,1807,1829226
Switzerland,CHE,1808,1840834
Switzerland,CHE,1809,1852514
Switzerland,CHE,1810,1864344
Switzerland,CHE,1811,1876174
Switzerland,CHE,1812,1888079
Switzerland,CHE,1813,1900060
Switzerland,CHE,1814,1912116
Switzerland,CHE,1815,1924249
Switzerland,CHE,1816,1936459
Switzerland,CHE,1817,1948747
Switzerland,CHE,1818,1961112
Switzerland,CHE,1819,1973259
Switzerland,CHE,1820,1985184
Switzerland,CHE,1821,1996884
Switzerland,CHE,1822,2008356
Switzerland,CHE,1823,2019597
Switzerland,CHE,1824,2030901
Switzerland,CHE,1825,2042268
Switzerland,CHE,1826,2053699
Switzerland,CHE,1827,2065194
Switzerland,CHE,1828,2076753
Switzerland,CHE,1829,2088366
Switzerland,CHE,1830,2100034
Switzerland,CHE,1831,2111757
Switzerland,CHE,1832,2123535
Switzerland,CHE,1833,2135368
Switzerland,CHE,1834,2147268
Switzerland,CHE,1835,2159233
Switzerland,CHE,1836,2171265
Switzerland,CHE,1837,2183365
Switzerland,CHE,1838,2195531
Switzerland,CHE,1839,2208374
Switzerland,CHE,1840,2221899
Switzerland,CHE,1841,2236117
Switzerland,CHE,1842,2251034
Switzerland,CHE,1843,2266659
Switzerland,CHE,1844,2282393
Switzerland,CHE,1845,2298235
Switzerland,CHE,1846,2314188
Switzerland,CHE,1847,2330251
Switzerland,CHE,1848,2346426
Switzerland,CHE,1849,2361968
Switzerland,CHE,1850,2376868
Switzerland,CHE,1851,2391043
Switzerland,CHE,1852,2404559
Switzerland,CHE,1853,2417406
Switzerland,CHE,1854,2430322
Switzerland,CHE,1855,2443307
Switzerland,CHE,1856,2456362
Switzerland,CHE,1857,2469486
Switzerland,CHE,1858,2482681
Switzerland,CHE,1859,2496075
Switzerland,CHE,1860,2509670
Switzerland,CHE,1861,2523469
Switzerland,CHE,1862,2537472
Switzerland,CHE,1863,2551683
Switzerland,CHE,1864,2565973
Switzerland,CHE,1865,2580343
Switzerland,CHE,1866,2594794
Switzerland,CHE,1867,2609325
Switzerland,CHE,1868,2623938
Switzerland,CHE,1869,2639212
Switzerland,CHE,1870,2655155
Switzerland,CHE,1871,2671773
Switzerland,CHE,1872,2689075
Switzerland,CHE,1873,2707069
Switzerland,CHE,1874,2725184
Switzerland,CHE,1875,2743419
Switzerland,CHE,1876,2761777
Switzerland,CHE,1877,2780257
Switzerland,CHE,1878,2798861
Switzerland,CHE,1879,2815975
Switzerland,CHE,1880,2831582
Switzerland,CHE,1881,2845667
Switzerland,CHE,1882,2858212
Switzerland,CHE,1883,2869202
Switzerland,CHE,1884,2880234
Switzerland,CHE,1885,2891309
Switzerland,CHE,1886,2902426
Switzerland,CHE,1887,2913586
Switzerland,CHE,1888,2924789
Switzerland,CHE,1889,2940376
Switzerland,CHE,1890,2960412
Switzerland,CHE,1891,2984963
Switzerland,CHE,1892,3014097
Switzerland,CHE,1893,3047881
Switzerland,CHE,1894,3082043
Switzerland,CHE,1895,3116589
Switzerland,CHE,1896,3151521
Switzerland,CHE,1897,3186846
Switzerland,CHE,1898,3222566
Switzerland,CHE,1899,3259490
Switzerland,CHE,1900,3297641
Switzerland,CHE,1901,3337042
Switzerland,CHE,1902,3377719
Switzerland,CHE,1903,3419696
Switzerland,CHE,1904,3462195
Switzerland,CHE,1905,3505221
Switzerland,CHE,1906,3548783
Switzerland,CHE,1907,3592885
Switzerland,CHE,1908,3637536
Switzerland,CHE,1909,3676239
Switzerland,CHE,1910,3708897
Switzerland,CHE,1911,3735410
Switzerland,CHE,1912,3755677
Switzerland,CHE,1913,3769598
Switzerland,CHE,1914,3783571
Switzerland,CHE,1915,3797595
Switzerland,CHE,1916,3811672
Switzerland,CHE,1917,3825800
Switzerland,CHE,1918,3840103
Switzerland,CHE,1919,3854970
Switzerland,CHE,1920,3870407
Switzerland,CHE,1921,3886419
Switzerland,CHE,1922,3903008
Switzerland,CHE,1923,3920181
Switzerland,CHE,1924,3937429
Switzerland,CHE,1925,3954753
Switzerland,CHE,1926,3972154
Switzerland,CHE,1927,3989631
Switzerland,CHE,1928,4007185
Switzerland,CHE,1929,4024685
Switzerland,CHE,1930,4042131
Switzerland,CHE,1931,4059522
Switzerland,CHE,1932,4076857
Switzerland,CHE,1933,4094135
Switzerland,CHE,1934,4111487
Switzerland,CHE,1935,4128912
Switzerland,CHE,1936,4146411
Switzerland,CHE,1937,4163985
Switzerland,CHE,1938,4181632
Switzerland,CHE,1939,4204685
Switzerland,CHE,1940,4233223
Switzerland,CHE,1941,4267324
Switzerland,CHE,1942,4307072
Switzerland,CHE,1943,4352547
Switzerland,CHE,1944,4398503
Switzerland,CHE,1945,4444943
Switzerland,CHE,1946,4491874
Switzerland,CHE,1947,4539301
Switzerland,CHE,1948,4587228
Switzerland,CHE,1949,4638318
Switzerland,CHE,1950,4692642
Switzerland,CHE,1951,4748090
Switzerland,CHE,1952,4811615
Switzerland,CHE,1953,4875654
Switzerland,CHE,1954,4938749
Switzerland,CHE,1955,5002118
Switzerland,CHE,1956,5065624
Switzerland,CHE,1957,5130171
Switzerland,CHE,1958,5196450
Switzerland,CHE,1959,5262809
Switzerland,CHE,1960,5327777
Switzerland,CHE,1961,5434125
Switzerland,CHE,1962,5573701
Switzerland,CHE,1963,5694163
Switzerland,CHE,1964,5789153
Switzerland,CHE,1965,5856414
Switzerland,CHE,1966,5917969
Switzerland,CHE,1967,5991733
Switzerland,CHE,1968,6067657
Switzerland,CHE,1969,6136353
Switzerland,CHE,1970,6180922
Switzerland,CHE,1971,6213536
Switzerland,CHE,1972,6261086
Switzerland,CHE,1973,6307408
Switzerland,CHE,1974,6341381
Switzerland,CHE,1975,6338600
Switzerland,CHE,1976,6302556
Switzerland,CHE,1977,6281365
Switzerland,CHE,1978,6282045
Switzerland,CHE,1979,6294719
Switzerland,CHE,1980,6319848
Switzerland,CHE,1981,6354561
Switzerland,CHE,1982,6391805
Switzerland,CHE,1983,6419309
Switzerland,CHE,1984,6442419
Switzerland,CHE,1985,6470959
Switzerland,CHE,1986,6504748
Switzerland,CHE,1987,6545771
Switzerland,CHE,1988,6594145
Switzerland,CHE,1989,6647787
Switzerland,CHE,1990,6713168
Switzerland,CHE,1991,6796942
Switzerland,CHE,1992,6875049
Switzerland,CHE,1993,6938106
Switzerland,CHE,1994,6993594
Switzerland,CHE,1995,7040481
Switzerland,CHE,1996,7071885
Switzerland,CHE,1997,7089161
Switzerland,CHE,1998,7110294
Switzerland,CHE,1999,7144119
Switzerland,CHE,2000,7184003
Switzerland,CHE,2001,7226391
Switzerland,CHE,2002,7278744
Switzerland,CHE,2003,7333451
Switzerland,CHE,2004,7384196
Switzerland,CHE,2005,7431824
Switzerland,CHE,2006,7478514
Switzerland,CHE,2007,7545386
Switzerland,CHE,2008,7641730
Switzerland,CHE,2009,7737644
Switzerland,CHE,2010,7825750
Switzerland,CHE,2011,7914379
Switzerland,CHE,2012,7998927
Switzerland,CHE,2013,8091199
Switzerland,CHE,2014,8190238
Switzerland,CHE,2015,8283940
Switzerland,CHE,2016,8374903
Switzerland,CHE,2017,8453630
Switzerland,CHE,2018,8516341
Switzerland,CHE,2019,8577525
Switzerland,CHE,2020,8640582
Switzerland,CHE,2021,8707019
Switzerland,CHE,2022,8792180
Switzerland,CHE,2023,8870564
United Kingdom,GBR,-10000,2189
United Kingdom,GBR,-9000,3065
United Kingdom,GBR,-8000,4291
United Kingdom,GBR,-7000,6008
United Kingdom,GBR,-6000,6008
United Kingdom,GBR,-5000,6008
United Kingdom,GBR,-4000,6008
United Kingdom,GBR,-3000,27036
United Kingdom,GBR,-2000,81108
United Kingdom,GBR,-1000,212283
United Kingdom,GBR,0,781041
United Kingdom,GBR,100,846786
United Kingdom,GBR,200,895452
United Kingdom,GBR,300,946915
United Kingdom,GBR,400,1001335
United Kingdom,GBR,500,751001
United Kingdom,GBR,600,500667
United Kingdom,GBR,700,500667
United Kingdom,GBR,800,730974
United Kingdom,GBR,900,1216622
United Kingdom,GBR,1000,1702270
United Kingdom,GBR,1100,2562418
United Kingdom,GBR,1200,4533102
United Kingdom,GBR,1300,6328029
United Kingdom,GBR,1400,2903873
United Kingdom,GBR,1500,4205609
United Kingdom,GBR,1600,5006677
United Kingdom,GBR,1700,6762353
United Kingdom,GBR,1710,7251719
United Kingdom,GBR,1720,7747930
United Kingdom,GBR,1730,8251964
United Kingdom,GBR,1740,8764948
United Kingdom,GBR,1750,9288177
United Kingdom,GBR,1760,9823145
United Kingdom,GBR,1770,10371579
United Kingdom,GBR,1780,10935473
United Kingdom,GBR,1790,11517141
United Kingdom,GBR,1800,10750000
United Kingdom,GBR,1801,10866183
United Kingdom,GBR,1802,10983623
United Kingdom,GBR,1803,11102331
United Kingdom,GBR,1804,11222322
United Kingdom,GBR,1805,11343611
United Kingdom,GBR,1806,11466210
United Kingdom,GBR,1807,11590134
United Kingdom,GBR,1808,11715397
United Kingdom,GBR,1809,11842014
United Kingdom,GBR,1810,12325700
United Kingdom,GBR,1811,12826009
United Kingdom,GBR,1812,13468809
United Kingdom,GBR,1813,14263733
United Kingdom,GBR,1814,15105572
United Kingdom,GBR,1815,15997097
United Kingdom,GBR,1816,16941239
United Kingdom,GBR,1817,17941104
United Kingdom,GBR,1818,18999980
United Kingdom,GBR,1819,19925365
United Kingdom,GBR,1820,20706854
United Kingdom,GBR,1821,21333398
United Kingdom,GBR,1822,21793262
United Kingdom,GBR,1823,22073986
United Kingdom,GBR,1824,22358326
United Kingdom,GBR,1825,22646329
United Kingdom,GBR,1826,22938041
United Kingdom,GBR,1827,23233511
United Kingdom,GBR,1828,23532788
United Kingdom,GBR,1829,23823479
United Kingdom,GBR,1830,24105348
United Kingdom,GBR,1831,24378150
United Kingdom,GBR,1832,24641639
United Kingdom,GBR,1833,24895561
United Kingdom,GBR,1834,25152100
United Kingdom,GBR,1835,25411282
United Kingdom,GBR,1836,25673136
United Kingdom,GBR,1837,25937687
United Kingdom,GBR,1838,26204965
United Kingdom,GBR,1839,26428534
United Kingdom,GBR,1840,26607869
United Kingdom,GBR,1841,26742439
United Kingdom,GBR,1842,26831707
United Kingdom,GBR,1843,26875131
United Kingdom,GBR,1844,26918625
United Kingdom,GBR,1845,26962189
United Kingdom,GBR,1846,27005824
United Kingdom,GBR,1847,27049530
United Kingdom,GBR,1848,27093306
United Kingdom,GBR,1849,27161567
United Kingdom,GBR,1850,27254502
United Kingdom,GBR,1851,27371581
United Kingdom,GBR,1852,27513708
United Kingdom,GBR,1853,27681073
United Kingdom,GBR,1854,27849455
United Kingdom,GBR,1855,28018862
United Kingdom,GBR,1856,28189300
United Kingdom,GBR,1857,28360774
United Kingdom,GBR,1858,28533291
United Kingdom,GBR,1859,28719933
United Kingdom,GBR,1860,28920894
United Kingdom,GBR,1861,29136372
United Kingdom,GBR,1862,29366564
United Kingdom,GBR,1863,29611672
United Kingdom,GBR,1864,29858827
United Kingdom,GBR,1865,30108044
United Kingdom,GBR,1866,30359341
United Kingdom,GBR,1867,30612735
United Kingdom,GBR,1868,30868245
United Kingdom,GBR,1869,31134963
United Kingdom,GBR,1870,31413071
United Kingdom,GBR,1871,31702755
United Kingdom,GBR,1872,32004200
United Kingdom,GBR,1873,32317597
United Kingdom,GBR,1874,32634063
United Kingdom,GBR,1875,32953628
United Kingdom,GBR,1876,33276322
United Kingdom,GBR,1877,33602176
United Kingdom,GBR,1878,33931221
United Kingdom,GBR,1879,34250722
United Kingdom,GBR,1880,34560483
United Kingdom,GBR,1881,34860309
United Kingdom,GBR,1882,35149998
United Kingdom,GBR,1883,35429349
United Kingdom,GBR,1884,35710919
United Kingdom,GBR,1885,35994727
United Kingdom,GBR,1886,36280791
United Kingdom,GBR,1887,36569128
United Kingdom,GBR,1888,36859757
United Kingdom,GBR,1889,37163257
United Kingdom,GBR,1890,37479831
United Kingdom,GBR,1891,37809681
United Kingdom,GBR,1892,38153013
United Kingdom,GBR,1893,38510036
United Kingdom,GBR,1894,38870400
United Kingdom,GBR,1895,39234136
United Kingdom,GBR,1896,39601276
United Kingdom,GBR,1897,39971851
United Kingdom,GBR,1898,40345894
United Kingdom,GBR,1899,40718496
United Kingdom,GBR,1900,41089602
United Kingdom,GBR,1901,41459153
United Kingdom,GBR,1902,41827091
United Kingdom,GBR,1903,42193357
United Kingdom,GBR,1904,42562831
United Kingdom,GBR,1905,42935539
United Kingdom,GBR,1906,43311511
United Kingdom,GBR,1907,43690776
United Kingdom,GBR,1908,44073361
United Kingdom,GBR,1909,44417852
United Kingdom,GBR,1910,44723743
United Kingdom,GBR,1911,44990527
United Kingdom,GBR,1912,45217688
United Kingdom,GBR,1913,45404707
United Kingdom,GBR,1914,45592500
United Kingdom,GBR,1915,45781070
United Kingdom,GBR,1916,45970420
United Kingdom,GBR,1917,46160552
United Kingdom,GBR,1918,46352692
United Kingdom,GBR,1919,46487478
United Kingdom,GBR,1920,46564792
United Kingdom,GBR,1921,46584515
United Kingdom,GBR,1922,46546526
United Kingdom,GBR,1923,46450703
United Kingdom,GBR,1924,46355077
United Kingdom,GBR,1925,46259648
United Kingdom,GBR,1926,46164416
United Kingdom,GBR,1927,46069379
United Kingdom,GBR,1928,45974538
United Kingdom,GBR,1929,45944804
United Kingdom,GBR,1930,45980369
United Kingdom,GBR,1931,46081427
United Kingdom,GBR,1932,46248173
United Kingdom,GBR,1933,46480802
United Kingdom,GBR,1934,46714602
United Kingdom,GBR,1935,46949578
United Kingdom,GBR,1936,47185735
United Kingdom,GBR,1937,47423081
United Kingdom,GBR,1938,47661620
United Kingdom,GBR,1939,47890226
United Kingdom,GBR,1940,48108804
United Kingdom,GBR,1941,48317261
United Kingdom,GBR,1942,48515502
United Kingdom,GBR,1943,48703433
United Kingdom,GBR,1944,48892093
United Kingdom,GBR,1945,49081483
United Kingdom,GBR,1946,49271606
United Kingdom,GBR,1947,49462466
United Kingdom,GBR,1948,49654066
United Kingdom,GBR,1949,49851583
United Kingdom,GBR,1950,50121020
United Kingdom,GBR,1951,50346821
United Kingdom,GBR,1952,50496231
United Kingdom,GBR,1953,50727035
United Kingdom,GBR,1954,50958246
United Kingdom,GBR,1955,51176749
United Kingdom,GBR,1956,51400458
United Kingdom,GBR,1957,51655911
United Kingdom,GBR,1958,51935640
United Kingdom,GBR,1959,52226466
United Kingdom,GBR,1960,52538548
United Kingdom,GBR,1961,52884952
United Kingdom,GBR,1962,53272836
United Kingdom,GBR,1963,53652939
United Kingdom,GBR,1964,54009130
United Kingdom,GBR,1965,54359022
United Kingdom,GBR,1966,54676346
United Kingdom,GBR,1967,54973661
United Kingdom,GBR,1968,55240654
United Kingdom,GBR,1969,55456208
United Kingdom,GBR,1970,55663801
United Kingdom,GBR,1971,55890372
United Kingdom,GBR,1972,56079239
United Kingdom,GBR,1973,56188787
United Kingdom,GBR,1974,56224550
United Kingdom,GBR,1975,56220139
United Kingdom,GBR,1976,56201143
United Kingdom,GBR,1977,56175829
United Kingdom,GBR,1978,56175553
United Kingdom,GBR,1979,56218759
United Kingdom,GBR,1980,56282102
United Kingdom,GBR,1981,56304590
United Kingdom,GBR,1982,56292761
United Kingdom,GBR,1983,56332060
United Kingdom,GBR,1984,56451312
United Kingdom,GBR,1985,56606416
United Kingdom,GBR,1986,56751926
United Kingdom,GBR,1987,56886021
United Kingdom,GBR,1988,57026539
United Kingdom,GBR,1989,57182137
United Kingdom,GBR,1990,57367867
United Kingdom,GBR,1991,57555199
United Kingdom,GBR,1992,57719273
United Kingdom,GBR,1993,57861037
United Kingdom,GBR,1994,58003200
United Kingdom,GBR,1995,58154632
United Kingdom,GBR,1996,58298563
United Kingdom,GBR,1997,58447091
United Kingdom,GBR,1998,58626822
United Kingdom,GBR,1999,58838663
United Kingdom,GBR,2000,59057333
United Kingdom,GBR,2001,59288095
United Kingdom,GBR,2002,59540764
United Kingdom,GBR,2003,59820385
United Kingdom,GBR,2004,60169964
United Kingdom,GBR,2005,60596107
United Kingdom,GBR,2006,61051093
United Kingdom,GBR,2007,61535859
United Kingdom,GBR,2008,62027303
United Kingdom,GBR,2009,62506222
United Kingdom,GBR,2010,63006482
United Kingdom,GBR,2011,63509285
United Kingdom,GBR,2012,63960488
United Kingdom,GBR,2013,64389386
United Kingdom,GBR,2014,64865914
United Kingdom,GBR,2015,65382107
United Kingdom,GBR,2016,65893359
United Kingdom,GBR,2017,66354473
United Kingdom,GBR,2018,66752473
United Kingdom,GBR,2019,67110958
United Kingdom,GBR,2020,67351860
United Kingdom,GBR,2021,67668788
United Kingdom,GBR,2022,68179315
United Kingdom,GBR,2023,68682965