entity,code,year,events
Afghanistan,AFG,2012,49
Afghanistan,AFG,2013,34
Afghanistan,AFG,2014,29
Afghanistan,AFG,2015,22
Afghanistan,AFG,2016,52
Afghanistan,AFG,2017,75
Afghanistan,AFG,2018,41
Afghanistan,AFG,2019,23
Afghanistan,AFG,2020,77
Afghanistan,AFG,2021,68
Afghanistan,AFG,2022,11
Afghanistan,AFG,2023,16
Afghanistan,AFG,2024,7
Afghanistan,AFG,2025,15
Afghanistan,AFG,2026,10
Africa,OWID_AFR,2012,610110
Africa,OWID_AFR,2013,681254
Africa,OWID_AFR,2014,641139
Africa,OWID_AFR,2015,689651
Africa,OWID_AFR,2016,699806
Africa,OWID_AFR,2017,645033
Africa,OWID_AFR,2018,566784
Africa,OWID_AFR,2019,616253
Africa,OWID_AFR,2020,653452
Africa,OWID_AFR,2021,638414
Africa,OWID_AFR,2022,611023
Africa,OWID_AFR,2023,588544
Africa,OWID_AFR,2024,481688
Africa,OWID_AFR,2025,406220
Africa,OWID_AFR,2026,222057
Akrotiri and Dhekelia,OWID_AKD,2012,1
Akrotiri and Dhekelia,OWID_AKD,2013,0
Akrotiri and Dhekelia,OWID_AKD,2014,0
Akrotiri and Dhekelia,OWID_AKD,2015,0
Akrotiri and Dhekelia,OWID_AKD,2016,2
Akrotiri and Dhekelia,OWID_AKD,2017,0
Akrotiri and Dhekelia,OWID_AKD,2018,1
Akrotiri and Dhekelia,OWID_AKD,2019,1
Akrotiri and Dhekelia,OWID_AKD,2020,0
Akrotiri and Dhekelia,OWID_AKD,2021,0
Akrotiri and Dhekelia,OWID_AKD,2022,1
Akrotiri and Dhekelia,OWID_AKD,2023,0
Akrotiri and Dhekelia,OWID_AKD,2024,1
Akrotiri and Dhekelia,OWID_AKD,2025,1
Akrotiri and Dhekelia,OWID_AKD,2026,0
Aland Islands,ALA,2012,0
Aland Islands,ALA,2013,0
Aland Islands,ALA,2014,0
Aland Islands,ALA,2015,0
Aland Islands,ALA,2016,0
Aland Islands,ALA,2017,0
Aland Islands,ALA,2018,0
Aland Islands,ALA,2019,0
Aland Islands,ALA,2020,0
Aland Islands,ALA,2021,0
Aland Islands,ALA,2022,0
Aland Islands,ALA,2023,0
Aland Islands,ALA,2024,0
Aland Islands,ALA,2025,0
Aland Islands,ALA,2026,0
Albania,ALB,2012,569
Albania,ALB,2013,66
Albania,ALB,2014,32
Albania,ALB,2015,121
Albania,ALB,2016,67
Albania,ALB,2017,423
Albania,ALB,2018,57
Albania,ALB,2019,182
Albania,ALB,2020,164
Albania,ALB,2021,145
Albania,ALB,2022,173
Albania,ALB,2023,57
Albania,ALB,2024,194
Albania,ALB,2025,150
Albania,ALB,2026,48
Algeria,DZA,2012,2312
Algeria,DZA,2013,594
Algeria,DZA,2014,1375
Algeria,DZA,2015,539
Algeria,DZA,2016,851
Algeria,DZA,2017,1072
Algeria,DZA,2018,222
Algeria,DZA,2019,759
Algeria,DZA,2020,1234
Algeria,DZA,2021,500
Algeria,DZA,2022,372
Algeria,DZA,2023,381
Algeria,DZA,2024,164
Algeria,DZA,2025,269
Algeria,DZA,2026,345
American Samoa,ASM,2012,0
American Samoa,ASM,2013,0
American Samoa,ASM,2014,0
American Samoa,ASM,2015,0
American Samoa,ASM,2016,0
American Samoa,ASM,2017,0
American Samoa,ASM,2018,0
American Samoa,ASM,2019,0
American Samoa,ASM,2020,0
American Samoa,ASM,2021,0
American Samoa,ASM,2022,0
American Samoa,ASM,2023,0
American Samoa,ASM,2024,0
American Samoa,ASM,2025,0
American Samoa,ASM,2026,0
Andorra,AND,2012,0
Andorra,AND,2013,0
Andorra,AND,2014,0
Andorra,AND,2015,0
Andorra,AND,2016,0
Andorra,AND,2017,0
Andorra,AND,2018,0
Andorra,AND,2019,0
Andorra,AND,2020,0
Andorra,AND,2021,0
Andorra,AND,2022,0
Andorra,AND,2023,0
Andorra,AND,2024,0
Andorra,AND,2025,0
Andorra,AND,2026,0
Angola,AGO,2012,89381
Angola,AGO,2013,97070
Angola,AGO,2014,88930
Angola,AGO,2015,99602
Angola,AGO,2016,100482
Angola,AGO,2017,95889
Angola,AGO,2018,89014
Angola,AGO,2019,99562
Angola,AGO,2020,87211
Angola,AGO,2021,82295
Angola,AGO,2022,89627
Angola,AGO,2023,95574
Angola,AGO,2024,80497
Angola,AGO,2025,62673
Angola,AGO,2026,38069
Anguilla,AIA,2012,0
Anguilla,AIA,2013,0
Anguilla,AIA,2014,0
Anguilla,AIA,2015,0
Anguilla,AIA,2016,0
Anguilla,AIA,2017,0
Anguilla,AIA,2018,0
Anguilla,AIA,2019,0
Anguilla,AIA,2020,0
Anguilla,AIA,2021,0
Anguilla,AIA,2022,0
Anguilla,AIA,2023,0
Anguilla,AIA,2024,0
Anguilla,AIA,2025,0
Anguilla,AIA,2026,0
Antigua and Barbuda,ATG,2012,0
Antigua and Barbuda,ATG,2013,2
Antigua and Barbuda,ATG,2014,2
Antigua and Barbuda,ATG,2015,0
Antigua and Barbuda,ATG,2016,1
Antigua and Barbuda,ATG,2017,0
Antigua and Barbuda,ATG,2018,4
Antigua and Barbuda,ATG,2019,0
Antigua and Barbuda,ATG,2020,0
Antigua and Barbuda,ATG,2021,2
Antigua and Barbuda,ATG,2022,0
Antigua and Barbuda,ATG,2023,0
Antigua and Barbuda,ATG,2024,0
Antigua and Barbuda,ATG,2025,0
Antigua and Barbuda,ATG,2026,0
Argentina,ARG,2012,11402
Argentina,ARG,2013,12150
Argentina,ARG,2014,6472
Argentina,ARG,2015,8691
Argentina,ARG,2016,9551
Argentina,ARG,2017,10403
Argentina,ARG,2018,9846
Argentina,ARG,2019,9329
Argentina,ARG,2020,23580
Argentina,ARG,2021,10981
Argentina,ARG,2022,13664
Argentina,ARG,2023,7288
Argentina,ARG,2024,6989
Argentina,ARG,2025,6923
Argentina,ARG,2026,1834
Armenia,ARM,2012,83
Armenia,ARM,2013,96
Armenia,ARM,2014,41
Armenia,ARM,2015,40
Armenia,ARM,2016,73
Armenia,ARM,2017,86
Armenia,ARM,2018,129
Armenia,ARM,2019,89
Armenia,ARM,2020,17
Armenia,ARM,2021,19
Armenia,ARM,2022,65
Armenia,ARM,2023,26
Armenia,ARM,2024,11
Armenia,ARM,2025,73
Armenia,ARM,2026,2
Aruba,ABW,2012,0
Aruba,ABW,2013,0
Aruba,ABW,2014,0
Aruba,ABW,2015,0
Aruba,ABW,2016,0
Aruba,ABW,2017,0
Aruba,ABW,2018,0
Aruba,ABW,2019,0
Aruba,ABW,2020,0
Aruba,ABW,2021,0
Aruba,ABW,2022,0
Aruba,ABW,2023,0
Aruba,ABW,2024,0
Aruba,ABW,2025,0
Aruba,ABW,2026,0
Asia,OWID_ASI,2012,134559
Asia,OWID_ASI,2013,126601
Asia,OWID_ASI,2014,161169
Asia,OWID_ASI,2015,172075
Asia,OWID_ASI,2016,133561
Asia,OWID_ASI,2017,108139
Asia,OWID_ASI,2018,96326
Asia,OWID_ASI,2019,145647
Asia,OWID_ASI,2020,121139
Asia,OWID_ASI,2021,117720
Asia,OWID_ASI,2022,88629
Asia,OWID_ASI,2023,114909
Asia,OWID_ASI,2024,77501
Asia,OWID_ASI,2025,68716
Asia,OWID_ASI,2026,66751
Australia,AUS,2012,55570
Australia,AUS,2013,32394
Australia,AUS,2014,40123
Australia,AUS,2015,38716
Australia,AUS,2016,32834
Australia,AUS,2017,47990
Australia,AUS,2018,42896
Australia,AUS,2019,34478
Australia,AUS,2020,28013
Australia,AUS,2021,37589
Australia,AUS,2022,36741
Australia,AUS,2023,50172
Australia,AUS,2024,34623
Australia,AUS,2025,39281
Australia,AUS,2026,22047
Austria,AUT,2012,3
Austria,AUT,2013,3
Austria,AUT,2014,7
Austria,AUT,2015,3
Austria,AUT,2016,0
Austria,AUT,2017,6
Austria,AUT,2018,4
Austria,AUT,2019,13
Austria,AUT,2020,0
Austria,AUT,2021,5
Austria,AUT,2022,8
Austria,AUT,2023,2
Austria,AUT,2024,1
Austria,AUT,2025,9
Austria,AUT,2026,10
Azerbaijan,AZE,2012,276
Azerbaijan,AZE,2013,292
Azerbaijan,AZE,2014,179
Azerbaijan,AZE,2015,614
Azerbaijan,AZE,2016,371
Azerbaijan,AZE,2017,337
Azerbaijan,AZE,2018,382
Azerbaijan,AZE,2019,533
Azerbaijan,AZE,2020,240
Azerbaijan,AZE,2021,255
Azerbaijan,AZE,2022,202
Azerbaijan,AZE,2023,66
Azerbaijan,AZE,2024,58
Azerbaijan,AZE,2025,117
Azerbaijan,AZE,2026,64
Bahamas,BHS,2012,47
Bahamas,BHS,2013,83
Bahamas,BHS,2014,45
Bahamas,BHS,2015,36
Bahamas,BHS,2016,66
Bahamas,BHS,2017,98
Bahamas,BHS,2018,35
Bahamas,BHS,2019,44
Bahamas,BHS,2020,59
Bahamas,BHS,2021,57
Bahamas,BHS,2022,24
Bahamas,BHS,2023,37
Bahamas,BHS,2024,47
Bahamas,BHS,2025,69
Bahamas,BHS,2026,26
Bahrain,BHR,2012,0
Bahrain,BHR,2013,0
Bahrain,BHR,2014,0
Bahrain,BHR,2015,0
Bahrain,BHR,2016,0
Bahrain,BHR,2017,0
Bahrain,BHR,2018,0
Bahrain,BHR,2019,0
Bahrain,BHR,2020,0
Bahrain,BHR,2021,0
Bahrain,BHR,2022,0
Bahrain,BHR,2023,0
Bahrain,BHR,2024,0
Bahrain,BHR,2025,0
Bahrain,BHR,2026,0
Bangladesh,BGD,2012,925
Bangladesh,BGD,2013,994
Bangladesh,BGD,2014,1094
Bangladesh,BGD,2015,649
Bangladesh,BGD,2016,654
Bangladesh,BGD,2017,589
Bangladesh,BGD,2018,748
Bangladesh,BGD,2019,820
Bangladesh,BGD,2020,875
Bangladesh,BGD,2021,909
Bangladesh,BGD,2022,612
Bangladesh,BGD,2023,747
Bangladesh,BGD,2024,500
Bangladesh,BGD,2025,514
Bangladesh,BGD,2026,421
Barbados,BRB,2012,0
Barbados,BRB,2013,0
Barbados,BRB,2014,2
Barbados,BRB,2015,0
Barbados,BRB,2016,2
Barbados,BRB,2017,0
Barbados,BRB,2018,1
Barbados,BRB,2019,0
Barbados,BRB,2020,0
Barbados,BRB,2021,0
Barbados,BRB,2022,0
Barbados,BRB,2023,0
Barbados,BRB,2024,0
Barbados,BRB,2025,0
Barbados,BRB,2026,1
Belarus,BLR,2012,226
Belarus,BLR,2013,132
Belarus,BLR,2014,622
Belarus,BLR,2015,696
Belarus,BLR,2016,112
Belarus,BLR,2017,171
Belarus,BLR,2018,200
Belarus,BLR,2019,430
Belarus,BLR,2020,314
Belarus,BLR,2021,108
Belarus,BLR,2022,141
Belarus,BLR,2023,35
Belarus,BLR,2024,30
Belarus,BLR,2025,99
Belarus,BLR,2026,58
Belgium,BEL,2012,0
Belgium,BEL,2013,3
Belgium,BEL,2014,4
Belgium,BEL,2015,2
Belgium,BEL,2016,3
Belgium,BEL,2017,0
Belgium,BEL,2018,3
Belgium,BEL,2019,4
Belgium,BEL,2020,2
Belgium,BEL,2021,5
Belgium,BEL,2022,6
Belgium,BEL,2023,3
Belgium,BEL,2024,0
Belgium,BEL,2025,2
Belgium,BEL,2026,8
Belize,BLZ,2012,267
Belize,BLZ,2013,641
Belize,BLZ,2014,313
Belize,BLZ,2015,514
Belize,BLZ,2016,355
Belize,BLZ,2017,344
Belize,BLZ,2018,244
Belize,BLZ,2019,616
Belize,BLZ,2020,420
Belize,BLZ,2021,324
Belize,BLZ,2022,316
Belize,BLZ,2023,477
Belize,BLZ,2024,469
Belize,BLZ,2025,225
Belize,BLZ,2026,132
Benin,BEN,2012,3847
Benin,BEN,2013,4845
Benin,BEN,2014,4215
Benin,BEN,2015,4044
Benin,BEN,2016,3907
Benin,BEN,2017,3912
Benin,BEN,2018,1593
Benin,BEN,2019,3107
Benin,BEN,2020,3214
Benin,BEN,2021,2823
Benin,BEN,2022,2348
Benin,BEN,2023,1882
Benin,BEN,2024,1510
Benin,BEN,2025,1576
Benin,BEN,2026,860
Bermuda,BMU,2012,0
Bermuda,BMU,2013,0
Bermuda,BMU,2014,0
Bermuda,BMU,2015,0
Bermuda,BMU,2016,0
Bermuda,BMU,2017,0
Bermuda,BMU,2018,0
Bermuda,BMU,2019,0
Bermuda,BMU,2020,0
Bermuda,BMU,2021,0
Bermuda,BMU,2022,0
Bermuda,BMU,2023,0
Bermuda,BMU,2024,0
Bermuda,BMU,2025,0
Bermuda,BMU,2026,0
Bhutan,BTN,2012,118
Bhutan,BTN,2013,67
Bhutan,BTN,2014,110
Bhutan,BTN,2015,70
Bhutan,BTN,2016,49
Bhutan,BTN,2017,76
Bhutan,BTN,2018,33
Bhutan,BTN,2019,30
Bhutan,BTN,2020,37
Bhutan,BTN,2021,61
Bhutan,BTN,2022,35
Bhutan,BTN,2023,48
Bhutan,BTN,2024,52
Bhutan,BTN,2025,35
Bhutan,BTN,2026,19
Bolivia,BOL,2012,8467
Bolivia,BOL,2013,7231
Bolivia,BOL,2014,6691
Bolivia,BOL,2015,8380
Bolivia,BOL,2016,13533
Bolivia,BOL,2017,11135
Bolivia,BOL,2018,11794
Bolivia,BOL,2019,13066
Bolivia,BOL,2020,13968
Bolivia,BOL,2021,12624
Bolivia,BOL,2022,16008
Bolivia,BOL,2023,14429
Bolivia,BOL,2024,13704
Bolivia,BOL,2025,5872
Bolivia,BOL,2026,1859
Bonaire Sint Eustatius and Saba,BES,2012,0
Bonaire Sint Eustatius and Saba,BES,2013,0
Bonaire Sint Eustatius and Saba,BES,2014,0
Bonaire Sint Eustatius and Saba,BES,2015,0
Bonaire Sint Eustatius and Saba,BES,2016,0
Bonaire Sint Eustatius and Saba,BES,2017,0
Bonaire Sint Eustatius and Saba,BES,2018,0
Bonaire Sint Eustatius and Saba,BES,2019,0
Bonaire Sint Eustatius and Saba,BES,2020,0
Bonaire Sint Eustatius and Saba,BES,2021,0
Bonaire Sint Eustatius and Saba,BES,2022,0
Bonaire Sint Eustatius and Saba,BES,2023,0
Bonaire Sint Eustatius and Saba,BES,2024,0
Bonaire Sint Eustatius and Saba,BES,2025,0
Bonaire Sint Eustatius and Saba,BES,2026,0
Bosnia and Herzegovina,BIH,2012,610
Bosnia and Herzegovina,BIH,2013,47
Bosnia and Herzegovina,BIH,2014,74
Bosnia and Herzegovina,BIH,2015,182
Bosnia and Herzegovina,BIH,2016,190
Bosnia and Herzegovina,BIH,2017,347
Bosnia and Herzegovina,BIH,2018,49
Bosnia and Herzegovina,BIH,2019,195
Bosnia and Herzegovina,BIH,2020,370
Bosnia and Herzegovina,BIH,2021,180
Bosnia and Herzegovina,BIH,2022,357
Bosnia and Herzegovina,BIH,2023,35
Bosnia and Herzegovina,BIH,2024,105
Bosnia and Herzegovina,BIH,2025,91
Bosnia and Herzegovina,BIH,2026,108
Botswana,BWA,2012,2131
Botswana,BWA,2013,2049
Botswana,BWA,2014,1361
Botswana,BWA,2015,1462
Botswana,BWA,2016,1011
Botswana,BWA,2017,2255
Botswana,BWA,2018,1454
Botswana,BWA,2019,1052
Botswana,BWA,2020,1500
Botswana,BWA,2021,4403
Botswana,BWA,2022,3278
Botswana,BWA,2023,4505
Botswana,BWA,2024,1057
Botswana,BWA,2025,1101
Botswana,BWA,2026,452
Bouvet Island,BVT,2012,0
Bouvet Island,BVT,2013,0
Bouvet Island,BVT,2014,0
Bouvet Island,BVT,2015,0
Bouvet Island,BVT,2016,0
Bouvet Island,BVT,2017,0
Bouvet Island,BVT,2018,0
Bouvet Island,BVT,2019,0
Bouvet Island,BVT,2020,0
Bouvet Island,BVT,2021,0
Bouvet Island,BVT,2022,0
Bouvet Island,BVT,2023,0
Bouvet Island,BVT,2024,0
Bouvet Island,BVT,2025,0
Bouvet Island,BVT,2026,0
Brazil,BRA,2012,83658
Brazil,BRA,2013,53542
Brazil,BRA,2014,74465
Brazil,BRA,2015,98230
Brazil,BRA,2016,75117
Brazil,BRA,2017,81138
Brazil,BRA,2018,62101
Brazil,BRA,2019,73883
Brazil,BRA,2020,77398
Brazil,BRA,2021,67621
Brazil,BRA,2022,80145
Brazil,BRA,2023,71369
Brazil,BRA,2024,65052
Brazil,BRA,2025,34476
Brazil,BRA,2026,8502
British Indian Ocean Territory,IOT,2012,0
British Indian Ocean Territory,IOT,2013,0
British Indian Ocean Territory,IOT,2014,0
British Indian Ocean Territory,IOT,2015,0
British Indian Ocean Territory,IOT,2016,0
British Indian Ocean Territory,IOT,2017,0
British Indian Ocean Territory,IOT,2018,0
British Indian Ocean Territory,IOT,2019,0
British Indian Ocean Territory,IOT,2020,0
British Indian Ocean Territory,IOT,2021,0
British Indian Ocean Territory,IOT,2022,0
British Indian Ocean Territory,IOT,2023,0
British Indian Ocean Territory,IOT,2024,0
British Indian Ocean Territory,IOT,2025,0
British Indian Ocean Territory,IOT,2026,0
British Virgin Islands,VGB,2012,0
British Virgin Islands,VGB,2013,0
British Virgin Islands,VGB,2014,0
British Virgin Islands,VGB,2015,0
British Virgin Islands,VGB,2016,0
British Virgin Islands,VGB,2017,1
British Virgin Islands,VGB,2018,2
British Virgin Islands,VGB,2019,0
British Virgin Islands,VGB,2020,1
British Virgin Islands,VGB,2021,0
British Virgin Islands,VGB,2022,0
British Virgin Islands,VGB,2023,0
British Virgin Islands,VGB,2024,0
British Virgin Islands,VGB,2025,0
British Virgin Islands,VGB,2026,0
Brunei,BRN,2012,6
Brunei,BRN,2013,1
Brunei,BRN,2014,6
Brunei,BRN,2015,17
Brunei,BRN,2016,26
Brunei,BRN,2017,0
Brunei,BRN,2018,2
Brunei,BRN,2019,6
Brunei,BRN,2020,11
Brunei,BRN,2021,7
Brunei,BRN,2022,6
Brunei,BRN,2023,3
Brunei,BRN,2024,5
Brunei,BRN,2025,1
Brunei,BRN,2026,2
Bulgaria,BGR,2012,982
Bulgaria,BGR,2013,569
Bulgaria,BGR,2014,323
Bulgaria,BGR,2015,408
Bulgaria,BGR,2016,660
Bulgaria,BGR,2017,697
Bulgaria,BGR,2018,817
Bulgaria,BGR,2019,947
Bulgaria,BGR,2020,214
Bulgaria,BGR,2021,182
Bulgaria,BGR,2022,266
Bulgaria,BGR,2023,159
Bulgaria,BGR,2024,155
Bulgaria,BGR,2025,83
Bulgaria,BGR,2026,41
Burkina Faso,BFA,2012,3590
Burkina Faso,BFA,2013,4891
Burkina Faso,BFA,2014,4215
Burkina Faso,BFA,2015,3726
Burkina Faso,BFA,2016,4422
Burkina Faso,BFA,2017,4462
Burkina Faso,BFA,2018,1624
Burkina Faso,BFA,2019,3374
Burkina Faso,BFA,2020,3702
Burkina Faso,BFA,2021,4351
Burkina Faso,BFA,2022,2966
Burkina Faso,BFA,2023,4368
Burkina Faso,BFA,2024,5023
Burkina Faso,BFA,2025,4291
Burkina Faso,BFA,2026,1540
Burundi,BDI,2012,593
Burundi,BDI,2013,961
Burundi,BDI,2014,536
Burundi,BDI,2015,1362
Burundi,BDI,2016,1086
Burundi,BDI,2017,485
Burundi,BDI,2018,275
Burundi,BDI,2019,485
Burundi,BDI,2020,596
Burundi,BDI,2021,351
Burundi,BDI,2022,370
Burundi,BDI,2023,297
Burundi,BDI,2024,454
Burundi,BDI,2025,265
Burundi,BDI,2026,114
Cambodia,KHM,2012,7790
Cambodia,KHM,2013,13793
Cambodia,KHM,2014,12535
Cambodia,KHM,2015,15706
Cambodia,KHM,2016,15317
Cambodia,KHM,2017,8714
Cambodia,KHM,2018,6006
Cambodia,KHM,2019,12879
Cambodia,KHM,2020,14878
Cambodia,KHM,2021,11028
Cambodia,KHM,2022,6939
Cambodia,KHM,2023,7282
Cambodia,KHM,2024,8011
Cambodia,KHM,2025,5603
Cambodia,KHM,2026,5223
Cameroon,CMR,2012,10009
Cameroon,CMR,2013,10498
Cameroon,CMR,2014,10772
Cameroon,CMR,2015,10950
Cameroon,CMR,2016,12662
Cameroon,CMR,2017,12712
Cameroon,CMR,2018,7452
Cameroon,CMR,2019,11161
Cameroon,CMR,2020,14843
Cameroon,CMR,2021,13880
Cameroon,CMR,2022,12486
Cameroon,CMR,2023,11284
Cameroon,CMR,2024,7776
Cameroon,CMR,2025,8163
Cameroon,CMR,2026,4350
Canada,CAN,2012,3782
Canada,CAN,2013,5558
Canada,CAN,2014,5930
Canada,CAN,2015,5859
Canada,CAN,2016,3587
Canada,CAN,2017,5753
Canada,CAN,2018,4359
Canada,CAN,2019,2956
Canada,CAN,2020,2548
Canada,CAN,2021,5495
Canada,CAN,2022,2920
Canada,CAN,2023,11202
Canada,CAN,2024,4608
Canada,CAN,2025,5836
Canada,CAN,2026,3071
Cape Verde,CPV,2012,3
Cape Verde,CPV,2013,0
Cape Verde,CPV,2014,10
Cape Verde,CPV,2015,10
Cape Verde,CPV,2016,0
Cape Verde,CPV,2017,0
Cape Verde,CPV,2018,3
Cape Verde,CPV,2019,0
Cape Verde,CPV,2020,0
Cape Verde,CPV,2021,0
Cape Verde,CPV,2022,2
Cape Verde,CPV,2023,4
Cape Verde,CPV,2024,0
Cape Verde,CPV,2025,3
Cape Verde,CPV,2026,2
Cayman Islands,CYM,2012,0
Cayman Islands,CYM,2013,0
Cayman Islands,CYM,2014,0
Cayman Islands,CYM,2015,0
Cayman Islands,CYM,2016,0
Cayman Islands,CYM,2017,0
Cayman Islands,CYM,2018,0
Cayman Islands,CYM,2019,0
Cayman Islands,CYM,2020,0
Cayman Islands,CYM,2021,0
Cayman Islands,CYM,2022,0
Cayman Islands,CYM,2023,1
Cayman Islands,CYM,2024,0
Cayman Islands,CYM,2025,0
Cayman Islands,CYM,2026,0
Central African Republic,CAF,2012,28719
Central African Republic,CAF,2013,37464
Central African Republic,CAF,2014,40816
Central African Republic,CAF,2015,45825
Central African Republic,CAF,2016,48004
Central African Republic,CAF,2017,39960
Central African Republic,CAF,2018,32883
Central African Republic,CAF,2019,35948
Central African Republic,CAF,2020,43412
Central African Republic,CAF,2021,39307
Central African Republic,CAF,2022,39623
Central African Republic,CAF,2023,29288
Central African Republic,CAF,2024,25128
Central African Republic,CAF,2025,20059
Central African Republic,CAF,2026,12765
Chad,TCD,2012,15120
Chad,TCD,2013,16080
Chad,TCD,2014,13681
Chad,TCD,2015,13611
Chad,TCD,2016,17320
Chad,TCD,2017,13922
Chad,TCD,2018,8976
Chad,TCD,2019,12607
Chad,TCD,2020,15327
Chad,TCD,2021,16919
Chad,TCD,2022,11068
Chad,TCD,2023,12207
Chad,TCD,2024,8452
Chad,TCD,2025,8536
Chad,TCD,2026,3514
Chile,CHL,2012,1089
Chile,CHL,2013,1252
Chile,CHL,2014,1120
Chile,CHL,2015,1672
Chile,CHL,2016,1276
Chile,CHL,2017,1454
Chile,CHL,2018,1254
Chile,CHL,2019,1175
Chile,CHL,2020,1225
Chile,CHL,2021,1145
Chile,CHL,2022,1240
Chile,CHL,2023,1174
Chile,CHL,2024,774
Chile,CHL,2025,871
Chile,CHL,2026,935
China,CHN,2012,10192
China,CHN,2013,14528
China,CHN,2014,21226
China,CHN,2015,17291
China,CHN,2016,11203
China,CHN,2017,14657
China,CHN,2018,7314
China,CHN,2019,10557
China,CHN,2020,10108
China,CHN,2021,9243
China,CHN,2022,9769
China,CHN,2023,9459
China,CHN,2024,8994
China,CHN,2025,10063
China,CHN,2026,7543
Christmas Island,CXR,2012,0
Christmas Island,CXR,2013,0
Christmas Island,CXR,2014,0
Christmas Island,CXR,2015,0
Christmas Island,CXR,2016,0
Christmas Island,CXR,2017,0
Christmas Island,CXR,2018,0
Christmas Island,CXR,2019,0
Christmas Island,CXR,2020,0
Christmas Island,CXR,2021,0
Christmas Island,CXR,2022,0
Christmas Island,CXR,2023,0
Christmas Island,CXR,2024,0
Christmas Island,CXR,2025,0
Christmas Island,CXR,2026,0
Cocos Islands,CCK,2012,0
Cocos Islands,CCK,2013,0
Cocos Islands,CCK,2014,0
Cocos Islands,CCK,2015,0
Cocos Islands,CCK,2016,0
Cocos Islands,CCK,2017,0
Cocos Islands,CCK,2018,0
Cocos Islands,CCK,2019,0
Cocos Islands,CCK,2020,0
Cocos Islands,CCK,2021,0
Cocos Islands,CCK,2022,0
Cocos Islands,CCK,2023,0
Cocos Islands,CCK,2024,0
Cocos Islands,CCK,2025,0
Cocos Islands,CCK,2026,0
Colombia,COL,2012,5379
Colombia,COL,2013,6049
Colombia,COL,2014,7743
Colombia,COL,2015,6677
Colombia,COL,2016,8174
Colombia,COL,2017,5360
Colombia,COL,2018,4077
Colombia,COL,2019,7019
Colombia,COL,2020,9818
Colombia,COL,2021,5646
Colombia,COL,2022,7580
Colombia,COL,2023,5160
Colombia,COL,2024,4565
Colombia,COL,2025,3587
Colombia,COL,2026,2703
Comoros,COM,2012,5
Comoros,COM,2013,12
Comoros,COM,2014,8
Comoros,COM,2015,25
Comoros,COM,2016,5
Comoros,COM,2017,11
Comoros,COM,2018,16
Comoros,COM,2019,17
Comoros,COM,2020,4
Comoros,COM,2021,9
Comoros,COM,2022,2
Comoros,COM,2023,4
Comoros,COM,2024,18
Comoros,COM,2025,2
Comoros,COM,2026,6
Congo,COG,2012,5638
Congo,COG,2013,6618
Congo,COG,2014,5198
Congo,COG,2015,6103
Congo,COG,2016,6138
Congo,COG,2017,5022
Congo,COG,2018,5942
Congo,COG,2019,5309
Congo,COG,2020,5829
Congo,COG,2021,4954
Congo,COG,2022,6229
Congo,COG,2023,4773
Congo,COG,2024,5703
Congo,COG,2025,4136
Congo,COG,2026,2724
Cook Islands,COK,2012,0
Cook Islands,COK,2013,0
Cook Islands,COK,2014,0
Cook Islands,COK,2015,0
Cook Islands,COK,2016,0
Cook Islands,COK,2017,0
Cook Islands,COK,2018,0
Cook Islands,COK,2019,0
Cook Islands,COK,2020,0
Cook Islands,COK,2021,0
Cook Islands,COK,2022,0
Cook Islands,COK,2023,0
Cook Islands,COK,2024,0
Cook Islands,COK,2025,0
Cook Islands,COK,2026,0
Costa Rica,CRI,2012,291
Costa Rica,CRI,2013,519
Costa Rica,CRI,2014,371
Costa Rica,CRI,2015,385
Costa Rica,CRI,2016,404
Costa Rica,CRI,2017,257
Costa Rica,CRI,2018,220
Costa Rica,CRI,2019,367
Costa Rica,CRI,2020,351
Costa Rica,CRI,2021,119
Costa Rica,CRI,2022,317
Costa Rica,CRI,2023,136
Costa Rica,CRI,2024,281
Costa Rica,CRI,2025,74
Costa Rica,CRI,2026,258
Cote d'Ivoire,CIV,2012,7011
Cote d'Ivoire,CIV,2013,11559
Cote d'Ivoire,CIV,2014,7777
Cote d'Ivoire,CIV,2015,8225
Cote d'Ivoire,CIV,2016,8356
Cote d'Ivoire,CIV,2017,6464
Cote d'Ivoire,CIV,2018,3984
Cote d'Ivoire,CIV,2019,5277
Cote d'Ivoire,CIV,2020,6554
Cote d'Ivoire,CIV,2021,4893
Cote d'Ivoire,CIV,2022,5366
Cote d'Ivoire,CIV,2023,3779
Cote d'Ivoire,CIV,2024,3885
Cote d'Ivoire,CIV,2025,2178
Cote d'Ivoire,CIV,2026,1382
Croatia,HRV,2012,248
Croatia,HRV,2013,30
Croatia,HRV,2014,33
Croatia,HRV,2015,67
Croatia,HRV,2016,78
Croatia,HRV,2017,243
Croatia,HRV,2018,60
Croatia,HRV,2019,116
Croatia,HRV,2020,65
Croatia,HRV,2021,51
Croatia,HRV,2022,164
Croatia,HRV,2023,12
Croatia,HRV,2024,20
Croatia,HRV,2025,14
Croatia,HRV,2026,18
Cuba,CUB,2012,1370
Cuba,CUB,2013,1680
Cuba,CUB,2014,1182
Cuba,CUB,2015,2082
Cuba,CUB,2016,1101
Cuba,CUB,2017,1950
Cuba,CUB,2018,690
Cuba,CUB,2019,1243
Cuba,CUB,2020,2867
Cuba,CUB,2021,1928
Cuba,CUB,2022,1547
Cuba,CUB,2023,2706
Cuba,CUB,2024,1490
Cuba,CUB,2025,1762
Cuba,CUB,2026,720
Curacao,CUW,2012,3
Curacao,CUW,2013,1
Curacao,CUW,2014,0
Curacao,CUW,2015,1
Curacao,CUW,2016,0
Curacao,CUW,2017,0
Curacao,CUW,2018,0
Curacao,CUW,2019,0
Curacao,CUW,2020,0
Curacao,CUW,2021,0
Curacao,CUW,2022,0
Curacao,CUW,2023,0
Curacao,CUW,2024,0
Curacao,CUW,2025,0
Curacao,CUW,2026,0
Cyprus,CYP,2012,14
Cyprus,CYP,2013,10
Cyprus,CYP,2014,1
Cyprus,CYP,2015,7
Cyprus,CYP,2016,4
Cyprus,CYP,2017,3
Cyprus,CYP,2018,9
Cyprus,CYP,2019,4
Cyprus,CYP,2020,4
Cyprus,CYP,2021,11
Cyprus,CYP,2022,3
Cyprus,CYP,2023,4
Cyprus,CYP,2024,3
Cyprus,CYP,2025,6
Cyprus,CYP,2026,0
Czechia,CZE,2012,4
Czechia,CZE,2013,1
Czechia,CZE,2014,7
Czechia,CZE,2015,3
Czechia,CZE,2016,1
Czechia,CZE,2017,3
Czechia,CZE,2018,5
Czechia,CZE,2019,1
Czechia,CZE,2020,16
Czechia,CZE,2021,5
Czechia,CZE,2022,1
Czechia,CZE,2023,2
Czechia,CZE,2024,0
Czechia,CZE,2025,2
Czechia,CZE,2026,1
Democratic Republic of Congo,COD,2012,103952
Democratic Republic of Congo,COD,2013,120759
Democratic Republic of Congo,COD,2014,111929
Democratic Republic of Congo,COD,2015,122642
Democratic Republic of Congo,COD,2016,132816
Democratic Republic of Congo,COD,2017,119033
Democratic Republic of Congo,COD,2018,113057
Democratic Republic of Congo,COD,2019,116326
Democratic Republic of Congo,COD,2020,123309
Democratic Republic of Congo,COD,2021,118372
Democratic Republic of Congo,COD,2022,123481
Democratic Republic of Congo,COD,2023,112158
Democratic Republic of Congo,COD,2024,94181
Democratic Republic of Congo,COD,2025,79186
Democratic Republic of Congo,COD,2026,53208
Denmark,DNK,2012,4
Denmark,DNK,2013,4
Denmark,DNK,2014,5
Denmark,DNK,2015,9
Denmark,DNK,2016,1
Denmark,DNK,2017,4
Denmark,DNK,2018,9
Denmark,DNK,2019,0
Denmark,DNK,2020,0
Denmark,DNK,2021,4
Denmark,DNK,2022,11
Denmark,DNK,2023,5
Denmark,DNK,2024,4
Denmark,DNK,2025,11
Denmark,DNK,2026,9
Djibouti,DJI,2012,0
Djibouti,DJI,2013,0
Djibouti,DJI,2014,0
Djibouti,DJI,2015,0
Djibouti,DJI,2016,1
Djibouti,DJI,2017,1
Djibouti,DJI,2018,2
Djibouti,DJI,2019,1
Djibouti,DJI,2020,1
Djibouti,DJI,2021,1
Djibouti,DJI,2022,0
Djibouti,DJI,2023,0
Djibouti,DJI,2024,0
Djibouti,DJI,2025,2
Djibouti,DJI,2026,1
Dominica,DMA,2012,0
Dominica,DMA,2013,0
Dominica,DMA,2014,0
Dominica,DMA,2015,0
Dominica,DMA,2016,0
Dominica,DMA,2017,1
Dominica,DMA,2018,0
Dominica,DMA,2019,1
Dominica,DMA,2020,1
Dominica,DMA,2021,2
Dominica,DMA,2022,0
Dominica,DMA,2023,1
Dominica,DMA,2024,0
Dominica,DMA,2025,0
Dominica,DMA,2026,0
Dominican Republic,DOM,2012,310
Dominican Republic,DOM,2013,467
Dominican Republic,DOM,2014,322
Dominican Republic,DOM,2015,406
Dominican Republic,DOM,2016,175
Dominican Republic,DOM,2017,119
Dominican Republic,DOM,2018,213
Dominican Republic,DOM,2019,246
Dominican Republic,DOM,2020,248
Dominican Republic,DOM,2021,255
Dominican Republic,DOM,2022,193
Dominican Republic,DOM,2023,345
Dominican Republic,DOM,2024,122
Dominican Republic,DOM,2025,160
Dominican Republic,DOM,2026,81
East Timor,TLS,2012,387
East Timor,TLS,2013,121
East Timor,TLS,2014,678
East Timor,TLS,2015,354
East Timor,TLS,2016,47
East Timor,TLS,2017,313
East Timor,TLS,2018,712
East Timor,TLS,2019,512
East Timor,TLS,2020,242
East Timor,TLS,2021,78
East Timor,TLS,2022,31
East Timor,TLS,2023,442
East Timor,TLS,2024,98
East Timor,TLS,2025,77
East Timor,TLS,2026,5
Ecuador,ECU,2012,1155
Ecuador,ECU,2013,1114
Ecuador,ECU,2014,766
Ecuador,ECU,2015,610
Ecuador,ECU,2016,1551
Ecuador,ECU,2017,641
Ecuador,ECU,2018,978
Ecuador,ECU,2019,807
Ecuador,ECU,2020,1528
Ecuador,ECU,2021,773
Ecuador,ECU,2022,1157
Ecuador,ECU,2023,385
Ecuador,ECU,2024,1110
Ecuador,ECU,2025,602
Ecuador,ECU,2026,126
Egypt,EGY,2012,68
Egypt,EGY,2013,117
Egypt,EGY,2014,105
Egypt,EGY,2015,76
Egypt,EGY,2016,125
Egypt,EGY,2017,135
Egypt,EGY,2018,60
Egypt,EGY,2019,51
Egypt,EGY,2020,75
Egypt,EGY,2021,124
Egypt,EGY,2022,106
Egypt,EGY,2023,107
Egypt,EGY,2024,64
Egypt,EGY,2025,23
Egypt,EGY,2026,23
El Salvador,SLV,2012,191
El Salvador,SLV,2013,572
El Salvador,SLV,2014,277
El Salvador,SLV,2015,568
El Salvador,SLV,2016,212
El Salvador,SLV,2017,542
El Salvador,SLV,2018,250
El Salvador,SLV,2019,391
El Salvador,SLV,2020,357
El Salvador,SLV,2021,127
El Salvador,SLV,2022,296
El Salvador,SLV,2023,132
El Salvador,SLV,2024,132
El Salvador,SLV,2025,62
El Salvador,SLV,2026,171
Equatorial Guinea,GNQ,2012,7
Equatorial Guinea,GNQ,2013,15
Equatorial Guinea,GNQ,2014,31
Equatorial Guinea,GNQ,2015,39
Equatorial Guinea,GNQ,2016,15
Equatorial Guinea,GNQ,2017,7
Equatorial Guinea,GNQ,2018,8
Equatorial Guinea,GNQ,2019,14
Equatorial Guinea,GNQ,2020,17
Equatorial Guinea,GNQ,2021,15
Equatorial Guinea,GNQ,2022,18
Equatorial Guinea,GNQ,2023,19
Equatorial Guinea,GNQ,2024,12
Equatorial Guinea,GNQ,2025,12
Equatorial Guinea,GNQ,2026,6
Eritrea,ERI,2012,31
Eritrea,ERI,2013,28
Eritrea,ERI,2014,24
Eritrea,ERI,2015,23
Eritrea,ERI,2016,16
Eritrea,ERI,2017,9
Eritrea,ERI,2018,19
Eritrea,ERI,2019,39
Eritrea,ERI,2020,112
Eritrea,ERI,2021,95
Eritrea,ERI,2022,62
Eritrea,ERI,2023,44
Eritrea,ERI,2024,12
Eritrea,ERI,2025,76
Eritrea,ERI,2026,33
Estonia,EST,2012,0
Estonia,EST,2013,3
Estonia,EST,2014,5
Estonia,EST,2015,3
Estonia,EST,2016,1
Estonia,EST,2017,0
Estonia,EST,2018,10
Estonia,EST,2019,1
Estonia,EST,2020,0
Estonia,EST,2021,0
Estonia,EST,2022,1
Estonia,EST,2023,3
Estonia,EST,2024,0
Estonia,EST,2025,0
Estonia,EST,2026,0
Eswatini,SWZ,2012,563
Eswatini,SWZ,2013,567
Eswatini,SWZ,2014,666
Eswatini,SWZ,2015,316
Eswatini,SWZ,2016,222
Eswatini,SWZ,2017,369
Eswatini,SWZ,2018,310
Eswatini,SWZ,2019,778
Eswatini,SWZ,2020,334
Eswatini,SWZ,2021,487
Eswatini,SWZ,2022,285
Eswatini,SWZ,2023,420
Eswatini,SWZ,2024,383
Eswatini,SWZ,2025,196
Eswatini,SWZ,2026,60
Ethiopia,ETH,2012,14002
Ethiopia,ETH,2013,16646
Ethiopia,ETH,2014,14482
Ethiopia,ETH,2015,17391
Ethiopia,ETH,2016,16743
Ethiopia,ETH,2017,14264
Ethiopia,ETH,2018,9232
Ethiopia,ETH,2019,12685
Ethiopia,ETH,2020,15090
Ethiopia,ETH,2021,16181
Ethiopia,ETH,2022,12240
Ethiopia,ETH,2023,11143
Ethiopia,ETH,2024,8453
Ethiopia,ETH,2025,8440
Ethiopia,ETH,2026,4936
Europe,OWID_EUR,2012,56786
Europe,OWID_EUR,2013,31997
Europe,OWID_EUR,2014,64253
Europe,OWID_EUR,2015,49966
Europe,OWID_EUR,2016,37938
Europe,OWID_EUR,2017,46053
Europe,OWID_EUR,2018,39944
Europe,OWID_EUR,2019,45213
Europe,OWID_EUR,2020,44091
Europe,OWID_EUR,2021,32585
Europe,OWID_EUR,2022,34100
Europe,OWID_EUR,2023,24645
Europe,OWID_EUR,2024,21836
Europe,OWID_EUR,2025,18295
Europe,OWID_EUR,2026,14296
Europe (excl. Russia),,2012,14171
Europe (excl. Russia),,2013,8400
Europe (excl. Russia),,2014,16277
Europe (excl. Russia),,2015,16182
Europe (excl. Russia),,2016,11852
Europe (excl. Russia),,2017,17199
Europe (excl. Russia),,2018,10711
Europe (excl. Russia),,2019,13263
Europe (excl. Russia),,2020,10231
Europe (excl. Russia),,2021,6775
Europe (excl. Russia),,2022,9921
Europe (excl. Russia),,2023,5472
Europe (excl. Russia),,2024,6223
Europe (excl. Russia),,2025,5963
Europe (excl. Russia),,2026,4302
European Union (27),OWID_EU27,2012,8209
European Union (27),OWID_EU27,2013,4702
European Union (27),OWID_EU27,2014,3739
European Union (27),OWID_EU27,2015,4308
European Union (27),OWID_EU27,2016,5233
European Union (27),OWID_EU27,2017,7518
European Union (27),OWID_EU27,2018,3936
European Union (27),OWID_EU27,2019,5668
European Union (27),OWID_EU27,2020,3788
European Union (27),OWID_EU27,2021,3853
European Union (27),OWID_EU27,2022,5101
European Union (27),OWID_EU27,2023,2837
European Union (27),OWID_EU27,2024,2217
European Union (27),OWID_EU27,2025,3092
European Union (27),OWID_EU27,2026,2342
Falkland Islands,FLK,2012,18
Falkland Islands,FLK,2013,6
Falkland Islands,FLK,2014,1
Falkland Islands,FLK,2015,5
Falkland Islands,FLK,2016,13
Falkland Islands,FLK,2017,9
Falkland Islands,FLK,2018,2
Falkland Islands,FLK,2019,1
Falkland Islands,FLK,2020,1
Falkland Islands,FLK,2021,6
Falkland Islands,FLK,2022,19
Falkland Islands,FLK,2023,6
Falkland Islands,FLK,2024,1
Falkland Islands,FLK,2025,0
Falkland Islands,FLK,2026,0
Faroe Islands,FRO,2012,0
Faroe Islands,FRO,2013,0
Faroe Islands,FRO,2014,0
Faroe Islands,FRO,2015,0
Faroe Islands,FRO,2016,0
Faroe Islands,FRO,2017,0
Faroe Islands,FRO,2018,0
Faroe Islands,FRO,2019,0
Faroe Islands,FRO,2020,0
Faroe Islands,FRO,2021,0
Faroe Islands,FRO,2022,0
Faroe Islands,FRO,2023,0
Faroe Islands,FRO,2024,0
Faroe Islands,FRO,2025,0
Faroe Islands,FRO,2026,0
Fiji,FJI,2012,73
Fiji,FJI,2013,120
Fiji,FJI,2014,369
Fiji,FJI,2015,179
Fiji,FJI,2016,137
Fiji,FJI,2017,178
Fiji,FJI,2018,182
Fiji,FJI,2019,56
Fiji,FJI,2020,92
Fiji,FJI,2021,124
Fiji,FJI,2022,69
Fiji,FJI,2023,100
Fiji,FJI,2024,88
Fiji,FJI,2025,81
Fiji,FJI,2026,23
Finland,FIN,2012,8
Finland,FIN,2013,19
Finland,FIN,2014,5
Finland,FIN,2015,5
Finland,FIN,2016,8
Finland,FIN,2017,6
Finland,FIN,2018,20
Finland,FIN,2019,5
Finland,FIN,2020,9
Finland,FIN,2021,9
Finland,FIN,2022,11
Finland,FIN,2023,10
Finland,FIN,2024,11
Finland,FIN,2025,4
Finland,FIN,2026,3
France,FRA,2012,422
France,FRA,2013,126
France,FRA,2014,328
France,FRA,2015,272
France,FRA,2016,240
France,FRA,2017,475
France,FRA,2018,113
France,FRA,2019,682
France,FRA,2020,242
France,FRA,2021,272
France,FRA,2022,429
France,FRA,2023,281
France,FRA,2024,114
France,FRA,2025,200
France,FRA,2026,367
French Guiana,GUF,2012,136
French Guiana,GUF,2013,58
French Guiana,GUF,2014,67
French Guiana,GUF,2015,119
French Guiana,GUF,2016,151
French Guiana,GUF,2017,63
French Guiana,GUF,2018,139
French Guiana,GUF,2019,71
French Guiana,GUF,2020,74
French Guiana,GUF,2021,34
French Guiana,GUF,2022,42
French Guiana,GUF,2023,116
French Guiana,GUF,2024,76
French Guiana,GUF,2025,68
French Guiana,GUF,2026,6
French Polynesia,PYF,2012,0
French Polynesia,PYF,2013,0
French Polynesia,PYF,2014,0
French Polynesia,PYF,2015,0
French Polynesia,PYF,2016,0
French Polynesia,PYF,2017,0
French Polynesia,PYF,2018,0
French Polynesia,PYF,2019,0
French Polynesia,PYF,2020,0
French Polynesia,PYF,2021,0
French Polynesia,PYF,2022,0
French Polynesia,PYF,2023,0
French Polynesia,PYF,2024,0
French Polynesia,PYF,2025,0
French Polynesia,PYF,2026,0
French Southern Territories,ATF,2012,0
French Southern Territories,ATF,2013,0
French Southern Territories,ATF,2014,0
French Southern Territories,ATF,2015,0
French Southern Territories,ATF,2016,0
French Southern Territories,ATF,2017,0
French Southern Territories,ATF,2018,0
French Southern Territories,ATF,2019,0
French Southern Territories,ATF,2020,0
French Southern Territories,ATF,2021,0
French Southern Territories,ATF,2022,0
French Southern Territories,ATF,2023,0
French Southern Territories,ATF,2024,0
French Southern Territories,ATF,2025,0
French Southern Territories,ATF,2026,0
Gabon,GAB,2012,753
Gabon,GAB,2013,836
Gabon,GAB,2014,588
Gabon,GAB,2015,666
Gabon,GAB,2016,740
Gabon,GAB,2017,639
Gabon,GAB,2018,679
Gabon,GAB,2019,719
Gabon,GAB,2020,776
Gabon,GAB,2021,566
Gabon,GAB,2022,741
Gabon,GAB,2023,607
Gabon,GAB,2024,644
Gabon,GAB,2025,525
Gabon,GAB,2026,433
Gambia,GMB,2012,246
Gambia,GMB,2013,300
Gambia,GMB,2014,255
Gambia,GMB,2015,150
Gambia,GMB,2016,301
Gambia,GMB,2017,338
Gambia,GMB,2018,199
Gambia,GMB,2019,229
Gambia,GMB,2020,355
Gambia,GMB,2021,351
Gambia,GMB,2022,365
Gambia,GMB,2023,433
Gambia,GMB,2024,327
Gambia,GMB,2025,214
Gambia,GMB,2026,241
Georgia,GEO,2012,137
Georgia,GEO,2013,101
Georgia,GEO,2014,133
Georgia,GEO,2015,155
Georgia,GEO,2016,154
Georgia,GEO,2017,190
Georgia,GEO,2018,107
Georgia,GEO,2019,170
Georgia,GEO,2020,145
Georgia,GEO,2021,120
Georgia,GEO,2022,87
Georgia,GEO,2023,47
Georgia,GEO,2024,64
Georgia,GEO,2025,123
Georgia,GEO,2026,45
Germany,DEU,2012,15
Germany,DEU,2013,22
Germany,DEU,2014,17
Germany,DEU,2015,15
Germany,DEU,2016,16
Germany,DEU,2017,9
Germany,DEU,2018,68
Germany,DEU,2019,42
Germany,DEU,2020,27
Germany,DEU,2021,9
Germany,DEU,2022,86
Germany,DEU,2023,43
Germany,DEU,2024,53
Germany,DEU,2025,68
Germany,DEU,2026,76
Ghana,GHA,2012,9002
Ghana,GHA,2013,14792
Ghana,GHA,2014,13390
Ghana,GHA,2015,14942
Ghana,GHA,2016,12695
Ghana,GHA,2017,15211
Ghana,GHA,2018,8304
Ghana,GHA,2019,12260
Ghana,GHA,2020,15994
Ghana,GHA,2021,11196
Ghana,GHA,2022,12719
Ghana,GHA,2023,9388
Ghana,GHA,2024,9316
Ghana,GHA,2025,5724
Ghana,GHA,2026,4235
Gibraltar,GIB,2012,0
Gibraltar,GIB,2013,0
Gibraltar,GIB,2014,0
Gibraltar,GIB,2015,0
Gibraltar,GIB,2016,0
Gibraltar,GIB,2017,0
Gibraltar,GIB,2018,0
Gibraltar,GIB,2019,0
Gibraltar,GIB,2020,0
Gibraltar,GIB,2021,0
Gibraltar,GIB,2022,0
Gibraltar,GIB,2023,0
Gibraltar,GIB,2024,0
Gibraltar,GIB,2025,0
Gibraltar,GIB,2026,0
Greece,GRC,2012,291
Greece,GRC,2013,268
Greece,GRC,2014,198
Greece,GRC,2015,229
Greece,GRC,2016,248
Greece,GRC,2017,176
Greece,GRC,2018,143
Greece,GRC,2019,129
Greece,GRC,2020,132
Greece,GRC,2021,118
Greece,GRC,2022,143
Greece,GRC,2023,127
Greece,GRC,2024,103
Greece,GRC,2025,86
Greece,GRC,2026,31
Greenland,GRL,2012,0
Greenland,GRL,2013,0
Greenland,GRL,2014,1
Greenland,GRL,2015,1
Greenland,GRL,2016,1
Greenland,GRL,2017,5
Greenland,GRL,2018,0
Greenland,GRL,2019,3
Greenland,GRL,2020,4
Greenland,GRL,2021,0
Greenland,GRL,2022,0
Greenland,GRL,2023,0
Greenland,GRL,2024,0
Greenland,GRL,2025,1
Greenland,GRL,2026,2
Grenada,GRD,2012,0
Grenada,GRD,2013,0
Grenada,GRD,2014,0
Grenada,GRD,2015,0
Grenada,GRD,2016,0
Grenada,GRD,2017,0
Grenada,GRD,2018,0
Grenada,GRD,2019,0
Grenada,GRD,2020,0
Grenada,GRD,2021,0
Grenada,GRD,2022,0
Grenada,GRD,2023,0
Grenada,GRD,2024,0
Grenada,GRD,2025,0
Grenada,GRD,2026,2
Guadeloupe,GLP,2012,0
Guadeloupe,GLP,2013,0
Guadeloupe,GLP,2014,2
Guadeloupe,GLP,2015,0
Guadeloupe,GLP,2016,0
Guadeloupe,GLP,2017,0
Guadeloupe,GLP,2018,1
Guadeloupe,GLP,2019,0
Guadeloupe,GLP,2020,0
Guadeloupe,GLP,2021,0
Guadeloupe,GLP,2022,0
Guadeloupe,GLP,2023,1
Guadeloupe,GLP,2024,0
Guadeloupe,GLP,2025,0
Guadeloupe,GLP,2026,2
Guam,GUM,2012,2
Guam,GUM,2013,1
Guam,GUM,2014,6
Guam,GUM,2015,7
Guam,GUM,2016,5
Guam,GUM,2017,1
Guam,GUM,2018,2
Guam,GUM,2019,16
Guam,GUM,2020,2
Guam,GUM,2021,2
Guam,GUM,2022,2
Guam,GUM,2023,0
Guam,GUM,2024,4
Guam,GUM,2025,1
Guam,GUM,2026,0
Guatemala,GTM,2012,2086
Guatemala,GTM,2013,3479
Guatemala,GTM,2014,1719
Guatemala,GTM,2015,2296
Guatemala,GTM,2016,2495
Guatemala,GTM,2017,2222
Guatemala,GTM,2018,1345
Guatemala,GTM,2019,2384
Guatemala,GTM,2020,2210
Guatemala,GTM,2021,1361
Guatemala,GTM,2022,1763
Guatemala,GTM,2023,1942
Guatemala,GTM,2024,2045
Guatemala,GTM,2025,802
Guatemala,GTM,2026,732
Guernsey,GGY,2012,0
Guernsey,GGY,2013,0
Guernsey,GGY,2014,0
Guernsey,GGY,2015,0
Guernsey,GGY,2016,0
Guernsey,GGY,2017,0
Guernsey,GGY,2018,0
Guernsey,GGY,2019,0
Guernsey,GGY,2020,0
Guernsey,GGY,2021,0
Guernsey,GGY,2022,0
Guernsey,GGY,2023,0
Guernsey,GGY,2024,0
Guernsey,GGY,2025,0
Guernsey,GGY,2026,0
Guinea,GIN,2012,18305
Guinea,GIN,2013,23694
Guinea,GIN,2014,24259
Guinea,GIN,2015,22327
Guinea,GIN,2016,22763
Guinea,GIN,2017,23234
Guinea,GIN,2018,14948
Guinea,GIN,2019,22159
Guinea,GIN,2020,22266
Guinea,GIN,2021,19127
Guinea,GIN,2022,20938
Guinea,GIN,2023,18690
Guinea,GIN,2024,15628
Guinea,GIN,2025,9998
Guinea,GIN,2026,10104
Guinea-Bissau,GNB,2012,1454
Guinea-Bissau,GNB,2013,1336
Guinea-Bissau,GNB,2014,1622
Guinea-Bissau,GNB,2015,1588
Guinea-Bissau,GNB,2016,1486
Guinea-Bissau,GNB,2017,1143
Guinea-Bissau,GNB,2018,998
Guinea-Bissau,GNB,2019,1496
Guinea-Bissau,GNB,2020,1568
Guinea-Bissau,GNB,2021,1161
Guinea-Bissau,GNB,2022,1309
Guinea-Bissau,GNB,2023,1025
Guinea-Bissau,GNB,2024,964
Guinea-Bissau,GNB,2025,608
Guinea-Bissau,GNB,2026,645
Guyana,GUY,2012,479
Guyana,GUY,2013,414
Guyana,GUY,2014,549
Guyana,GUY,2015,832
Guyana,GUY,2016,615
Guyana,GUY,2017,412
Guyana,GUY,2018,641
Guyana,GUY,2019,625
Guyana,GUY,2020,667
Guyana,GUY,2021,205
Guyana,GUY,2022,202
Guyana,GUY,2023,1100
Guyana,GUY,2024,1270
Guyana,GUY,2025,334
Guyana,GUY,2026,140
Haiti,HTI,2012,97
Haiti,HTI,2013,119
Haiti,HTI,2014,59
Haiti,HTI,2015,95
Haiti,HTI,2016,47
Haiti,HTI,2017,67
Haiti,HTI,2018,54
Haiti,HTI,2019,97
Haiti,HTI,2020,142
Haiti,HTI,2021,94
Haiti,HTI,2022,76
Haiti,HTI,2023,124
Haiti,HTI,2024,50
Haiti,HTI,2025,46
Haiti,HTI,2026,38
Heard Island and McDonald Islands,HMD,2012,0
Heard Island and McDonald Islands,HMD,2013,0
Heard Island and McDonald Islands,HMD,2014,0
Heard Island and McDonald Islands,HMD,2015,0
Heard Island and McDonald Islands,HMD,2016,0
Heard Island and McDonald Islands,HMD,2017,0
Heard Island and McDonald Islands,HMD,2018,0
Heard Island and McDonald Islands,HMD,2019,0
Heard Island and McDonald Islands,HMD,2020,0
Heard Island and McDonald Islands,HMD,2021,0
Heard Island and McDonald Islands,HMD,2022,0
Heard Island and McDonald Islands,HMD,2023,0
Heard Island and McDonald Islands,HMD,2024,0
Heard Island and McDonald Islands,HMD,2025,0
Heard Island and McDonald Islands,HMD,2026,0
Honduras,HND,2012,1113
Honduras,HND,2013,3351
Honduras,HND,2014,2980
Honduras,HND,2015,2487
Honduras,HND,2016,2955
Honduras,HND,2017,1764
Honduras,HND,2018,2708
Honduras,HND,2019,3870
Honduras,HND,2020,4735
Honduras,HND,2021,1557
Honduras,HND,2022,1921
Honduras,HND,2023,4119
Honduras,HND,2024,3024
Honduras,HND,2025,523
Honduras,HND,2026,1074
Hong Kong,HKG,2012,0
Hong Kong,HKG,2013,1
Hong Kong,HKG,2014,4
Hong Kong,HKG,2015,3
Hong Kong,HKG,2016,1
Hong Kong,HKG,2017,3
Hong Kong,HKG,2018,5
Hong Kong,HKG,2019,2
Hong Kong,HKG,2020,2
Hong Kong,HKG,2021,3
Hong Kong,HKG,2022,1
Hong Kong,HKG,2023,0
Hong Kong,HKG,2024,2
Hong Kong,HKG,2025,2
Hong Kong,HKG,2026,0
Hungary,HUN,2012,150
Hungary,HUN,2013,42
Hungary,HUN,2014,54
Hungary,HUN,2015,49
Hungary,HUN,2016,16
Hungary,HUN,2017,42
Hungary,HUN,2018,54
Hungary,HUN,2019,54
Hungary,HUN,2020,49
Hungary,HUN,2021,45
Hungary,HUN,2022,111
Hungary,HUN,2023,13
Hungary,HUN,2024,31
Hungary,HUN,2025,18
Hungary,HUN,2026,31
Iceland,ISL,2012,1
Iceland,ISL,2013,3
Iceland,ISL,2014,49
Iceland,ISL,2015,14
Iceland,ISL,2016,1
Iceland,ISL,2017,0
Iceland,ISL,2018,4
Iceland,ISL,2019,3
Iceland,ISL,2020,6
Iceland,ISL,2021,32
Iceland,ISL,2022,20
Iceland,ISL,2023,12
Iceland,ISL,2024,48
Iceland,ISL,2025,4
Iceland,ISL,2026,0
India,IND,2012,24799
India,IND,2013,18637
India,IND,2014,20177
India,IND,2015,17607
India,IND,2016,26275
India,IND,2017,22743
India,IND,2018,23085
India,IND,2019,20363
India,IND,2020,17501
India,IND,2021,33767
India,IND,2022,25575
India,IND,2023,18159
India,IND,2024,12935
India,IND,2025,15251
India,IND,2026,13565
Indonesia,IDN,2012,23018
Indonesia,IDN,2013,16095
Indonesia,IDN,2014,33742
Indonesia,IDN,2015,52320
Indonesia,IDN,2016,7637
Indonesia,IDN,2017,5721
Indonesia,IDN,2018,16410
Indonesia,IDN,2019,23873
Indonesia,IDN,2020,5225
Indonesia,IDN,2021,4081
Indonesia,IDN,2022,3851
Indonesia,IDN,2023,16878
Indonesia,IDN,2024,5424
Indonesia,IDN,2025,4618
Indonesia,IDN,2026,6806
Iran,IRN,2012,1662
Iran,IRN,2013,1857
Iran,IRN,2014,1926
Iran,IRN,2015,1747
Iran,IRN,2016,2212
Iran,IRN,2017,2050
Iran,IRN,2018,1859
Iran,IRN,2019,1966
Iran,IRN,2020,1931
Iran,IRN,2021,2151
Iran,IRN,2022,1941
Iran,IRN,2023,1549
Iran,IRN,2024,1825
Iran,IRN,2025,1537
Iran,IRN,2026,525
Iraq,IRQ,2012,924
Iraq,IRQ,2013,927
Iraq,IRQ,2014,1313
Iraq,IRQ,2015,1644
Iraq,IRQ,2016,1741
Iraq,IRQ,2017,1234
Iraq,IRQ,2018,1432
Iraq,IRQ,2019,2916
Iraq,IRQ,2020,2224
Iraq,IRQ,2021,1751
Iraq,IRQ,2022,1329
Iraq,IRQ,2023,1015
Iraq,IRQ,2024,1060
Iraq,IRQ,2025,756
Iraq,IRQ,2026,343
Ireland,IRL,2012,15
Ireland,IRL,2013,30
Ireland,IRL,2014,7
Ireland,IRL,2015,61
Ireland,IRL,2016,15
Ireland,IRL,2017,31
Ireland,IRL,2018,20
Ireland,IRL,2019,16
Ireland,IRL,2020,16
Ireland,IRL,2021,14
Ireland,IRL,2022,19
Ireland,IRL,2023,7
Ireland,IRL,2024,1
Ireland,IRL,2025,27
Ireland,IRL,2026,19
Isle of Man,IMN,2012,0
Isle of Man,IMN,2013,0
Isle of Man,IMN,2014,0
Isle of Man,IMN,2015,0
Isle of Man,IMN,2016,0
Isle of Man,IMN,2017,0
Isle of Man,IMN,2018,0
Isle of Man,IMN,2019,0
Isle of Man,IMN,2020,0
Isle of Man,IMN,2021,0
Isle of Man,IMN,2022,0
Isle of Man,IMN,2023,0
Isle of Man,IMN,2024,0
Isle of Man,IMN,2025,0
Isle of Man,IMN,2026,0
Israel,ISR,2012,16
Israel,ISR,2013,25
Israel,ISR,2014,10
Israel,ISR,2015,26
Israel,ISR,2016,27
Israel,ISR,2017,12
Israel,ISR,2018,15
Israel,ISR,2019,32
Israel,ISR,2020,23
Israel,ISR,2021,38
Israel,ISR,2022,19
Israel,ISR,2023,18
Israel,ISR,2024,30
Israel,ISR,2025,5
Israel,ISR,2026,3
Italy,ITA,2012,1847
Italy,ITA,2013,669
Italy,ITA,2014,750
Italy,ITA,2015,816
Italy,ITA,2016,927
Italy,ITA,2017,2086
Italy,ITA,2018,484
Italy,ITA,2019,878
Italy,ITA,2020,878
Italy,ITA,2021,1367
Italy,ITA,2022,954
Italy,ITA,2023,1101
Italy,ITA,2024,558
Italy,ITA,2025,878
Italy,ITA,2026,608
Jamaica,JAM,2012,30
Jamaica,JAM,2013,45
Jamaica,JAM,2014,35
Jamaica,JAM,2015,56
Jamaica,JAM,2016,12
Jamaica,JAM,2017,37
Jamaica,JAM,2018,36
Jamaica,JAM,2019,33
Jamaica,JAM,2020,47
Jamaica,JAM,2021,18
Jamaica,JAM,2022,17
Jamaica,JAM,2023,46
Jamaica,JAM,2024,26
Jamaica,JAM,2025,9
Jamaica,JAM,2026,10
Japan,JPN,2012,20
Japan,JPN,2013,34
Japan,JPN,2014,41
Japan,JPN,2015,49
Japan,JPN,2016,31
Japan,JPN,2017,26
Japan,JPN,2018,52
Japan,JPN,2019,51
Japan,JPN,2020,48
Japan,JPN,2021,29
Japan,JPN,2022,52
Japan,JPN,2023,42
Japan,JPN,2024,35
Japan,JPN,2025,59
Japan,JPN,2026,54
Jersey,JEY,2012,0
Jersey,JEY,2013,0
Jersey,JEY,2014,0
Jersey,JEY,2015,0
Jersey,JEY,2016,0
Jersey,JEY,2017,0
Jersey,JEY,2018,0
Jersey,JEY,2019,0
Jersey,JEY,2020,0
Jersey,JEY,2021,0
Jersey,JEY,2022,0
Jersey,JEY,2023,0
Jersey,JEY,2024,0
Jersey,JEY,2025,0
Jersey,JEY,2026,0
Jordan,JOR,2012,0
Jordan,JOR,2013,2
Jordan,JOR,2014,0
Jordan,JOR,2015,11
Jordan,JOR,2016,2
Jordan,JOR,2017,6
Jordan,JOR,2018,3
Jordan,JOR,2019,4
Jordan,JOR,2020,16
Jordan,JOR,2021,4
Jordan,JOR,2022,6
Jordan,JOR,2023,5
Jordan,JOR,2024,4
Jordan,JOR,2025,1
Jordan,JOR,2026,1
Kazakhstan,KAZ,2012,11195
Kazakhstan,KAZ,2013,3210
Kazakhstan,KAZ,2014,7274
Kazakhstan,KAZ,2015,7055
Kazakhstan,KAZ,2016,4361
Kazakhstan,KAZ,2017,11875
Kazakhstan,KAZ,2018,6040
Kazakhstan,KAZ,2019,8854
Kazakhstan,KAZ,2020,6730
Kazakhstan,KAZ,2021,5744
Kazakhstan,KAZ,2022,4222
Kazakhstan,KAZ,2023,2294
Kazakhstan,KAZ,2024,812
Kazakhstan,KAZ,2025,2034
Kazakhstan,KAZ,2026,1772
Kenya,KEN,2012,1718
Kenya,KEN,2013,1053
Kenya,KEN,2014,870
Kenya,KEN,2015,1317
Kenya,KEN,2016,884
Kenya,KEN,2017,659
Kenya,KEN,2018,541
Kenya,KEN,2019,1053
Kenya,KEN,2020,1147
Kenya,KEN,2021,1122
Kenya,KEN,2022,509
Kenya,KEN,2023,480
Kenya,KEN,2024,624
Kenya,KEN,2025,691
Kenya,KEN,2026,253
Kiribati,KIR,2012,0
Kiribati,KIR,2013,0
Kiribati,KIR,2014,0
Kiribati,KIR,2015,0
Kiribati,KIR,2016,0
Kiribati,KIR,2017,0
Kiribati,KIR,2018,0
Kiribati,KIR,2019,0
Kiribati,KIR,2020,0
Kiribati,KIR,2021,0
Kiribati,KIR,2022,0
Kiribati,KIR,2023,0
Kiribati,KIR,2024,0
Kiribati,KIR,2025,0
Kiribati,KIR,2026,0
Kosovo,OWID_KOS,2012,155
Kosovo,OWID_KOS,2013,47
Kosovo,OWID_KOS,2014,19
Kosovo,OWID_KOS,2015,42
Kosovo,OWID_KOS,2016,21
Kosovo,OWID_KOS,2017,69
Kosovo,OWID_KOS,2018,27
Kosovo,OWID_KOS,2019,96
Kosovo,OWID_KOS,2020,60
Kosovo,OWID_KOS,2021,43
Kosovo,OWID_KOS,2022,36
Kosovo,OWID_KOS,2023,24
Kosovo,OWID_KOS,2024,66
Kosovo,OWID_KOS,2025,66
Kosovo,OWID_KOS,2026,14
Kuwait,KWT,2012,5
Kuwait,KWT,2013,1
Kuwait,KWT,2014,7
Kuwait,KWT,2015,5
Kuwait,KWT,2016,11
Kuwait,KWT,2017,6
Kuwait,KWT,2018,3
Kuwait,KWT,2019,11
Kuwait,KWT,2020,4
Kuwait,KWT,2021,3
Kuwait,KWT,2022,5
Kuwait,KWT,2023,0
Kuwait,KWT,2024,0
Kuwait,KWT,2025,0
Kuwait,KWT,2026,1
Kyrgyzstan,KGZ,2012,72
Kyrgyzstan,KGZ,2013,52
Kyrgyzstan,KGZ,2014,61
Kyrgyzstan,KGZ,2015,23
Kyrgyzstan,KGZ,2016,57
Kyrgyzstan,KGZ,2017,63
Kyrgyzstan,KGZ,2018,90
Kyrgyzstan,KGZ,2019,70
Kyrgyzstan,KGZ,2020,51
Kyrgyzstan,KGZ,2021,41
Kyrgyzstan,KGZ,2022,35
Kyrgyzstan,KGZ,2023,19
Kyrgyzstan,KGZ,2024,10
Kyrgyzstan,KGZ,2025,34
Kyrgyzstan,KGZ,2026,5
Laos,LAO,2012,8366
Laos,LAO,2013,9022
Laos,LAO,2014,9201
Laos,LAO,2015,9630
Laos,LAO,2016,9834
Laos,LAO,2017,6668
Laos,LAO,2018,5812
Laos,LAO,2019,11615
Laos,LAO,2020,11239
Laos,LAO,2021,8612
Laos,LAO,2022,9194
Laos,LAO,2023,15815
Laos,LAO,2024,8041
Laos,LAO,2025,5473
Laos,LAO,2026,6491
Latvia,LVA,2012,3
Latvia,LVA,2013,1
Latvia,LVA,2014,8
Latvia,LVA,2015,6
Latvia,LVA,2016,4
Latvia,LVA,2017,3
Latvia,LVA,2018,17
Latvia,LVA,2019,12
Latvia,LVA,2020,3
Latvia,LVA,2021,2
Latvia,LVA,2022,6
Latvia,LVA,2023,1
Latvia,LVA,2024,0
Latvia,LVA,2025,0
Latvia,LVA,2026,4
Lebanon,LBN,2012,14
Lebanon,LBN,2013,56
Lebanon,LBN,2014,3
Lebanon,LBN,2015,20
Lebanon,LBN,2016,42
Lebanon,LBN,2017,36
Lebanon,LBN,2018,9
Lebanon,LBN,2019,36
Lebanon,LBN,2020,62
Lebanon,LBN,2021,71
Lebanon,LBN,2022,25
Lebanon,LBN,2023,36
Lebanon,LBN,2024,89
Lebanon,LBN,2025,21
Lebanon,LBN,2026,12
Lesotho,LSO,2012,25
Lesotho,LSO,2013,239
Lesotho,LSO,2014,223
Lesotho,LSO,2015,81
Lesotho,LSO,2016,20
Lesotho,LSO,2017,95
Lesotho,LSO,2018,43
Lesotho,LSO,2019,198
Lesotho,LSO,2020,72
Lesotho,LSO,2021,111
Lesotho,LSO,2022,93
Lesotho,LSO,2023,170
Lesotho,LSO,2024,185
Lesotho,LSO,2025,19
Lesotho,LSO,2026,12
Liberia,LBR,2012,2899
Liberia,LBR,2013,1581
Liberia,LBR,2014,2440
Liberia,LBR,2015,4739
Liberia,LBR,2016,2520
Liberia,LBR,2017,2406
Liberia,LBR,2018,1423
Liberia,LBR,2019,3216
Liberia,LBR,2020,2168
Liberia,LBR,2021,1591
Liberia,LBR,2022,2546
Liberia,LBR,2023,2141
Liberia,LBR,2024,1464
Liberia,LBR,2025,1271
Liberia,LBR,2026,754
Libya,LBY,2012,21
Libya,LBY,2013,16
Libya,LBY,2014,16
Libya,LBY,2015,19
Libya,LBY,2016,11
Libya,LBY,2017,20
Libya,LBY,2018,26
Libya,LBY,2019,23
Libya,LBY,2020,31
Libya,LBY,2021,13
Libya,LBY,2022,19
Libya,LBY,2023,13
Libya,LBY,2024,8
Libya,LBY,2025,7
Libya,LBY,2026,1
Liechtenstein,LIE,2012,0
Liechtenstein,LIE,2013,0
Liechtenstein,LIE,2014,0
Liechtenstein,LIE,2015,0
Liechtenstein,LIE,2016,0
Liechtenstein,LIE,2017,0
Liechtenstein,LIE,2018,0
Liechtenstein,LIE,2019,0
Liechtenstein,LIE,2020,0
Liechtenstein,LIE,2021,0
Liechtenstein,LIE,2022,0
Liechtenstein,LIE,2023,0
Liechtenstein,LIE,2024,0
Liechtenstein,LIE,2025,0
Liechtenstein,LIE,2026,0
Lithuania,LTU,2012,8
Lithuania,LTU,2013,6
Lithuania,LTU,2014,9
Lithuania,LTU,2015,7
Lithuania,LTU,2016,1
Lithuania,LTU,2017,2
Lithuania,LTU,2018,5
Lithuania,LTU,2019,8
Lithuania,LTU,2020,5
Lithuania,LTU,2021,4
Lithuania,LTU,2022,1
Lithuania,LTU,2023,6
Lithuania,LTU,2024,2
Lithuania,LTU,2025,3
Lithuania,LTU,2026,3
Luxembourg,LUX,2012,0
Luxembourg,LUX,2013,0
Luxembourg,LUX,2014,0
Luxembourg,LUX,2015,0
Luxembourg,LUX,2016,0
Luxembourg,LUX,2017,0
Luxembourg,LUX,2018,0
Luxembourg,LUX,2019,0
Luxembourg,LUX,2020,0
Luxembourg,LUX,2021,0
Luxembourg,LUX,2022,0
Luxembourg,LUX,2023,0
Luxembourg,LUX,2024,0
Luxembourg,LUX,2025,0
Luxembourg,LUX,2026,0
Macao,MAC,2012,0
Macao,MAC,2013,0
Macao,MAC,2014,0
Macao,MAC,2015,0
Macao,MAC,2016,0
Macao,MAC,2017,0
Macao,MAC,2018,0
Macao,MAC,2019,0
Macao,MAC,2020,0
Macao,MAC,2021,0
Macao,MAC,2022,0
Macao,MAC,2023,0
Macao,MAC,2024,0
Macao,MAC,2025,0
Macao,MAC,2026,0
Madagascar,MDG,2012,19867
Madagascar,MDG,2013,23201
Madagascar,MDG,2014,19168
Madagascar,MDG,2015,19202
Madagascar,MDG,2016,24604
Madagascar,MDG,2017,18397
Madagascar,MDG,2018,24663
Madagascar,MDG,2019,17636
Madagascar,MDG,2020,21196
Madagascar,MDG,2021,18696
Madagascar,MDG,2022,16222
Madagascar,MDG,2023,16196
Madagascar,MDG,2024,14504
Madagascar,MDG,2025,10094
Madagascar,MDG,2026,3613
Malawi,MWI,2012,4811
Malawi,MWI,2013,4688
Malawi,MWI,2014,3923
Malawi,MWI,2015,4027
Malawi,MWI,2016,4195
Malawi,MWI,2017,3396
Malawi,MWI,2018,4401
Malawi,MWI,2019,3654
Malawi,MWI,2020,3630
Malawi,MWI,2021,3453
Malawi,MWI,2022,2796
Malawi,MWI,2023,2575
Malawi,MWI,2024,2072
Malawi,MWI,2025,1666
Malawi,MWI,2026,446
Malaysia,MYS,2012,848
Malaysia,MYS,2013,751
Malaysia,MYS,2014,1415
Malaysia,MYS,2015,975
Malaysia,MYS,2016,995
Malaysia,MYS,2017,178
Malaysia,MYS,2018,460
Malaysia,MYS,2019,690
Malaysia,MYS,2020,264
Malaysia,MYS,2021,181
Malaysia,MYS,2022,105
Malaysia,MYS,2023,173
Malaysia,MYS,2024,363
Malaysia,MYS,2025,131
Malaysia,MYS,2026,188
Maldives,MDV,2012,0
Maldives,MDV,2013,0
Maldives,MDV,2014,0
Maldives,MDV,2015,0
Maldives,MDV,2016,0
Maldives,MDV,2017,0
Maldives,MDV,2018,0
Maldives,MDV,2019,0
Maldives,MDV,2020,0
Maldives,MDV,2021,0
Maldives,MDV,2022,0
Maldives,MDV,2023,0
Maldives,MDV,2024,0
Maldives,MDV,2025,0
Maldives,MDV,2026,0
Mali,MLI,2012,8614
Mali,MLI,2013,12107
Mali,MLI,2014,11089
Mali,MLI,2015,9648
Mali,MLI,2016,12481
Mali,MLI,2017,12302
Mali,MLI,2018,6153
Mali,MLI,2019,9987
Mali,MLI,2020,12172
Mali,MLI,2021,13044
Mali,MLI,2022,11577
Mali,MLI,2023,12407
Mali,MLI,2024,9636
Mali,MLI,2025,9608
Mali,MLI,2026,4509
Malta,MLT,2012,0
Malta,MLT,2013,0
Malta,MLT,2014,0
Malta,MLT,2015,0
Malta,MLT,2016,0
Malta,MLT,2017,0
Malta,MLT,2018,0
Malta,MLT,2019,0
Malta,MLT,2020,2
Malta,MLT,2021,0
Malta,MLT,2022,0
Malta,MLT,2023,0
Malta,MLT,2024,0
Malta,MLT,2025,0
Malta,MLT,2026,0
Marshall Islands,MHL,2012,0
Marshall Islands,MHL,2013,0
Marshall Islands,MHL,2014,0
Marshall Islands,MHL,2015,0
Marshall Islands,MHL,2016,0
Marshall Islands,MHL,2017,0
Marshall Islands,MHL,2018,0
Marshall Islands,MHL,2019,0
Marshall Islands,MHL,2020,0
Marshall Islands,MHL,2021,0
Marshall Islands,MHL,2022,0
Marshall Islands,MHL,2023,0
Marshall Islands,MHL,2024,0
Marshall Islands,MHL,2025,0
Marshall Islands,MHL,2026,0
Martinique,MTQ,2012,0
Martinique,MTQ,2013,0
Martinique,MTQ,2014,0
Martinique,MTQ,2015,0
Martinique,MTQ,2016,0
Martinique,MTQ,2017,0
Martinique,MTQ,2018,0
Martinique,MTQ,2019,2
Martinique,MTQ,2020,0
Martinique,MTQ,2021,4
Martinique,MTQ,2022,0
Martinique,MTQ,2023,0
Martinique,MTQ,2024,0
Martinique,MTQ,2025,1
Martinique,MTQ,2026,0
Mauritania,MRT,2012,127
Mauritania,MRT,2013,161
Mauritania,MRT,2014,61
Mauritania,MRT,2015,38
Mauritania,MRT,2016,98
Mauritania,MRT,2017,67
Mauritania,MRT,2018,38
Mauritania,MRT,2019,85
Mauritania,MRT,2020,98
Mauritania,MRT,2021,162
Mauritania,MRT,2022,124
Mauritania,MRT,2023,216
Mauritania,MRT,2024,133
Mauritania,MRT,2025,155
Mauritania,MRT,2026,97
Mauritius,MUS,2012,5
Mauritius,MUS,2013,3
Mauritius,MUS,2014,8
Mauritius,MUS,2015,0
Mauritius,MUS,2016,4
Mauritius,MUS,2017,4
Mauritius,MUS,2018,3
Mauritius,MUS,2019,4
Mauritius,MUS,2020,3
Mauritius,MUS,2021,1
Mauritius,MUS,2022,4
Mauritius,MUS,2023,0
Mauritius,MUS,2024,10
Mauritius,MUS,2025,0
Mauritius,MUS,2026,0
Mayotte,MYT,2012,0
Mayotte,MYT,2013,2
Mayotte,MYT,2014,0
Mayotte,MYT,2015,0
Mayotte,MYT,2016,1
Mayotte,MYT,2017,0
Mayotte,MYT,2018,0
Mayotte,MYT,2019,0
Mayotte,MYT,2020,0
Mayotte,MYT,2021,0
Mayotte,MYT,2022,0
Mayotte,MYT,2023,0
Mayotte,MYT,2024,0
Mayotte,MYT,2025,4
Mayotte,MYT,2026,0
Mexico,MEX,2012,13191
Mexico,MEX,2013,17692
Mexico,MEX,2014,7568
Mexico,MEX,2015,11355
Mexico,MEX,2016,14105
Mexico,MEX,2017,17251
Mexico,MEX,2018,11510
Mexico,MEX,2019,17417
Mexico,MEX,2020,13473
Mexico,MEX,2021,13600
Mexico,MEX,2022,14958
Mexico,MEX,2023,13026
Mexico,MEX,2024,9388
Mexico,MEX,2025,6297
Mexico,MEX,2026,4161
Micronesia (country),FSM,2012,0
Micronesia (country),FSM,2013,0
Micronesia (country),FSM,2014,0
Micronesia (country),FSM,2015,0
Micronesia (country),FSM,2016,2
Micronesia (country),FSM,2017,0
Micronesia (country),FSM,2018,0
Micronesia (country),FSM,2019,0
Micronesia (country),FSM,2020,0
Micronesia (country),FSM,2021,0
Micronesia (country),FSM,2022,0
Micronesia (country),FSM,2023,0
Micronesia (country),FSM,2024,0
Micronesia (country),FSM,2025,0
Micronesia (country),FSM,2026,0
Moldova,MDA,2012,76
Moldova,MDA,2013,157
Moldova,MDA,2014,320
Moldova,MDA,2015,177
Moldova,MDA,2016,267
Moldova,MDA,2017,168
Moldova,MDA,2018,132
Moldova,MDA,2019,74
Moldova,MDA,2020,74
Moldova,MDA,2021,106
Moldova,MDA,2022,200
Moldova,MDA,2023,35
Moldova,MDA,2024,13
Moldova,MDA,2025,14
Moldova,MDA,2026,10
Monaco,MCO,2012,0
Monaco,MCO,2013,0
Monaco,MCO,2014,0
Monaco,MCO,2015,0
Monaco,MCO,2016,0
Monaco,MCO,2017,0
Monaco,MCO,2018,0
Monaco,MCO,2019,0
Monaco,MCO,2020,0
Monaco,MCO,2021,0
Monaco,MCO,2022,0
Monaco,MCO,2023,0
Monaco,MCO,2024,0
Monaco,MCO,2025,0
Monaco,MCO,2026,0
Mongolia,MNG,2012,728
Mongolia,MNG,2013,330
Mongolia,MNG,2014,451
Mongolia,MNG,2015,753
Mongolia,MNG,2016,278
Mongolia,MNG,2017,370
Mongolia,MNG,2018,78
Mongolia,MNG,2019,142
Mongolia,MNG,2020,52
Mongolia,MNG,2021,72
Mongolia,MNG,2022,267
Mongolia,MNG,2023,213
Mongolia,MNG,2024,88
Mongolia,MNG,2025,211
Mongolia,MNG,2026,123
Montenegro,MNE,2012,200
Montenegro,MNE,2013,18
Montenegro,MNE,2014,10
Montenegro,MNE,2015,112
Montenegro,MNE,2016,60
Montenegro,MNE,2017,173
Montenegro,MNE,2018,22
Montenegro,MNE,2019,74
Montenegro,MNE,2020,145
Montenegro,MNE,2021,80
Montenegro,MNE,2022,89
Montenegro,MNE,2023,0
Montenegro,MNE,2024,49
Montenegro,MNE,2025,61
Montenegro,MNE,2026,28
Montserrat,MSR,2012,0
Montserrat,MSR,2013,0
Montserrat,MSR,2014,0
Montserrat,MSR,2015,0
Montserrat,MSR,2016,0
Montserrat,MSR,2017,0
Montserrat,MSR,2018,0
Montserrat,MSR,2019,0
Montserrat,MSR,2020,1
Montserrat,MSR,2021,0
Montserrat,MSR,2022,0
Montserrat,MSR,2023,0
Montserrat,MSR,2024,0
Montserrat,MSR,2025,0
Montserrat,MSR,2026,0
Morocco,MAR,2012,69
Morocco,MAR,2013,42
Morocco,MAR,2014,51
Morocco,MAR,2015,30
Morocco,MAR,2016,60
Morocco,MAR,2017,49
Morocco,MAR,2018,68
Morocco,MAR,2019,61
Morocco,MAR,2020,54
Morocco,MAR,2021,61
Morocco,MAR,2022,76
Morocco,MAR,2023,64
Morocco,MAR,2024,29
Morocco,MAR,2025,23
Morocco,MAR,2026,25
Mozambique,MOZ,2012,52567
Mozambique,MOZ,2013,50891
Mozambique,MOZ,2014,53877
Mozambique,MOZ,2015,55099
Mozambique,MOZ,2016,46602
Mozambique,MOZ,2017,47525
Mozambique,MOZ,2018,55560
Mozambique,MOZ,2019,53515
Mozambique,MOZ,2020,48189
Mozambique,MOZ,2021,51807
Mozambique,MOZ,2022,43458
Mozambique,MOZ,2023,47968
Mozambique,MOZ,2024,37438
Mozambique,MOZ,2025,31857
Mozambique,MOZ,2026,7882
Myanmar,MMR,2012,20987
Myanmar,MMR,2013,22034
Myanmar,MMR,2014,21747
Myanmar,MMR,2015,19015
Myanmar,MMR,2016,17872
Myanmar,MMR,2017,15334
Myanmar,MMR,2018,11432
Myanmar,MMR,2019,19811
Myanmar,MMR,2020,22751
Myanmar,MMR,2021,18946
Myanmar,MMR,2022,14075
Myanmar,MMR,2023,20564
Myanmar,MMR,2024,13627
Myanmar,MMR,2025,12107
Myanmar,MMR,2026,11674
Namibia,NAM,2012,5675
Namibia,NAM,2013,3059
Namibia,NAM,2014,2815
Namibia,NAM,2015,2518
Namibia,NAM,2016,2113
Namibia,NAM,2017,2726
Namibia,NAM,2018,1884
Namibia,NAM,2019,1059
Namibia,NAM,2020,2688
Namibia,NAM,2021,3060
Namibia,NAM,2022,2408
Namibia,NAM,2023,2483
Namibia,NAM,2024,1025
Namibia,NAM,2025,1363
Namibia,NAM,2026,627
Nauru,NRU,2012,0
Nauru,NRU,2013,0
Nauru,NRU,2014,0
Nauru,NRU,2015,0
Nauru,NRU,2016,0
Nauru,NRU,2017,0
Nauru,NRU,2018,0
Nauru,NRU,2019,0
Nauru,NRU,2020,0
Nauru,NRU,2021,0
Nauru,NRU,2022,0
Nauru,NRU,2023,0
Nauru,NRU,2024,0
Nauru,NRU,2025,0
Nauru,NRU,2026,0
Nepal,NPL,2012,2522
Nepal,NPL,2013,1849
Nepal,NPL,2014,3167
Nepal,NPL,2015,659
Nepal,NPL,2016,5528
Nepal,NPL,2017,1280
Nepal,NPL,2018,1798
Nepal,NPL,2019,2365
Nepal,NPL,2020,797
Nepal,NPL,2021,5834
Nepal,NPL,2022,1641
Nepal,NPL,2023,2990
Nepal,NPL,2024,2632
Nepal,NPL,2025,876
Nepal,NPL,2026,766
Netherlands,NLD,2012,0
Netherlands,NLD,2013,4
Netherlands,NLD,2014,3
Netherlands,NLD,2015,2
Netherlands,NLD,2016,0
Netherlands,NLD,2017,0
Netherlands,NLD,2018,4
Netherlands,NLD,2019,3
Netherlands,NLD,2020,2
Netherlands,NLD,2021,2
Netherlands,NLD,2022,7
Netherlands,NLD,2023,6
Netherlands,NLD,2024,2
Netherlands,NLD,2025,0
Netherlands,NLD,2026,9
New Caledonia,NCL,2012,10
New Caledonia,NCL,2013,39
New Caledonia,NCL,2014,87
New Caledonia,NCL,2015,58
New Caledonia,NCL,2016,89
New Caledonia,NCL,2017,163
New Caledonia,NCL,2018,41
New Caledonia,NCL,2019,152
New Caledonia,NCL,2020,40
New Caledonia,NCL,2021,90
New Caledonia,NCL,2022,31
New Caledonia,NCL,2023,94
New Caledonia,NCL,2024,74
New Caledonia,NCL,2025,11
New Caledonia,NCL,2026,6
New Zealand,NZL,2012,212
New Zealand,NZL,2013,237
New Zealand,NZL,2014,236
New Zealand,NZL,2015,233
New Zealand,NZL,2016,185
New Zealand,NZL,2017,152
New Zealand,NZL,2018,144
New Zealand,NZL,2019,237
New Zealand,NZL,2020,177
New Zealand,NZL,2021,173
New Zealand,NZL,2022,160
New Zealand,NZL,2023,96
New Zealand,NZL,2024,82
New Zealand,NZL,2025,139
New Zealand,NZL,2026,94
Nicaragua,NIC,2012,921
Nicaragua,NIC,2013,2127
Nicaragua,NIC,2014,1991
Nicaragua,NIC,2015,1265
Nicaragua,NIC,2016,1906
Nicaragua,NIC,2017,953
Nicaragua,NIC,2018,1590
Nicaragua,NIC,2019,2046
Nicaragua,NIC,2020,2199
Nicaragua,NIC,2021,931
Nicaragua,NIC,2022,1092
Nicaragua,NIC,2023,2320
Nicaragua,NIC,2024,1980
Nicaragua,NIC,2025,548
Nicaragua,NIC,2026,700
Niger,NER,2012,338
Niger,NER,2013,321
Niger,NER,2014,281
Niger,NER,2015,211
Niger,NER,2016,370
Niger,NER,2017,342
Niger,NER,2018,279
Niger,NER,2019,421
Niger,NER,2020,449
Niger,NER,2021,643
Niger,NER,2022,526
Niger,NER,2023,484
Niger,NER,2024,619
Niger,NER,2025,893
Niger,NER,2026,231
Nigeria,NGA,2012,12499
Nigeria,NGA,2013,17105
Nigeria,NGA,2014,17731
Nigeria,NGA,2015,20332
Nigeria,NGA,2016,21994
Nigeria,NGA,2017,21114
Nigeria,NGA,2018,15958
Nigeria,NGA,2019,18071
Nigeria,NGA,2020,21223
Nigeria,NGA,2021,22007
Nigeria,NGA,2022,22365
Nigeria,NGA,2023,17975
Nigeria,NGA,2024,16071
Nigeria,NGA,2025,13755
Nigeria,NGA,2026,8263
Niue,NIU,2012,0
Niue,NIU,2013,0
Niue,NIU,2014,0
Niue,NIU,2015,0
Niue,NIU,2016,0
Niue,NIU,2017,0
Niue,NIU,2018,0
Niue,NIU,2019,0
Niue,NIU,2020,0
Niue,NIU,2021,0
Niue,NIU,2022,0
Niue,NIU,2023,0
Niue,NIU,2024,0
Niue,NIU,2025,0
Niue,NIU,2026,0
Norfolk Island,NFK,2012,0
Norfolk Island,NFK,2013,0
Norfolk Island,NFK,2014,0
Norfolk Island,NFK,2015,0
Norfolk Island,NFK,2016,0
Norfolk Island,NFK,2017,0
Norfolk Island,NFK,2018,0
Norfolk Island,NFK,2019,0
Norfolk Island,NFK,2020,0
Norfolk Island,NFK,2021,0
Norfolk Island,NFK,2022,0
Norfolk Island,NFK,2023,0
Norfolk Island,NFK,2024,0
Norfolk Island,NFK,2025,0
Norfolk Island,NFK,2026,0
North America,OWID_NAM,2012,38229
North America,OWID_NAM,2013,50123
North America,OWID_NAM,2014,37878
North America,OWID_NAM,2015,44364
North America,OWID_NAM,2016,44867
North America,OWID_NAM,2017,49051
North America,OWID_NAM,2018,37719
North America,OWID_NAM,2019,48429
North America,OWID_NAM,2020,45826
North America,OWID_NAM,2021,42452
North America,OWID_NAM,2022,43491
North America,OWID_NAM,2023,47882
North America,OWID_NAM,2024,33864
North America,OWID_NAM,2025,25408
North America,OWID_NAM,2026,17754
North Korea,PRK,2012,259
North Korea,PRK,2013,264
North Korea,PRK,2014,1268
North Korea,PRK,2015,389
North Korea,PRK,2016,98
North Korea,PRK,2017,220
North Korea,PRK,2018,164
North Korea,PRK,2019,266
North Korea,PRK,2020,102
North Korea,PRK,2021,26
North Korea,PRK,2022,72
North Korea,PRK,2023,35
North Korea,PRK,2024,49
North Korea,PRK,2025,23
North Korea,PRK,2026,43
North Macedonia,MKD,2012,160
North Macedonia,MKD,2013,109
North Macedonia,MKD,2014,71
North Macedonia,MKD,2015,124
North Macedonia,MKD,2016,85
North Macedonia,MKD,2017,181
North Macedonia,MKD,2018,117
North Macedonia,MKD,2019,217
North Macedonia,MKD,2020,61
North Macedonia,MKD,2021,107
North Macedonia,MKD,2022,52
North Macedonia,MKD,2023,96
North Macedonia,MKD,2024,133
North Macedonia,MKD,2025,83
North Macedonia,MKD,2026,38
Northern Cyprus,OWID_CYN,2012,9
Northern Cyprus,OWID_CYN,2013,2
Northern Cyprus,OWID_CYN,2014,1
Northern Cyprus,OWID_CYN,2015,0
Northern Cyprus,OWID_CYN,2016,0
Northern Cyprus,OWID_CYN,2017,1
Northern Cyprus,OWID_CYN,2018,1
Northern Cyprus,OWID_CYN,2019,0
Northern Cyprus,OWID_CYN,2020,3
Northern Cyprus,OWID_CYN,2021,2
Northern Cyprus,OWID_CYN,2022,4
Northern Cyprus,OWID_CYN,2023,1
Northern Cyprus,OWID_CYN,2024,1
Northern Cyprus,OWID_CYN,2025,1
Northern Cyprus,OWID_CYN,2026,1
Northern Mariana Islands,MNP,2012,3
Northern Mariana Islands,MNP,2013,2
Northern Mariana Islands,MNP,2014,0
Northern Mariana Islands,MNP,2015,0
Northern Mariana Islands,MNP,2016,4
Northern Mariana Islands,MNP,2017,2
Northern Mariana Islands,MNP,2018,2
Northern Mariana Islands,MNP,2019,4
Northern Mariana Islands,MNP,2020,1
Northern Mariana Islands,MNP,2021,2
Northern Mariana Islands,MNP,2022,0
Northern Mariana Islands,MNP,2023,1
Northern Mariana Islands,MNP,2024,1
Northern Mariana Islands,MNP,2025,0
Northern Mariana Islands,MNP,2026,0
Norway,NOR,2012,3
Norway,NOR,2013,6
Norway,NOR,2014,13
Norway,NOR,2015,3
Norway,NOR,2016,2
Norway,NOR,2017,8
Norway,NOR,2018,15
Norway,NOR,2019,16
Norway,NOR,2020,3
Norway,NOR,2021,5
Norway,NOR,2022,8
Norway,NOR,2023,3
Norway,NOR,2024,2
Norway,NOR,2025,7
Norway,NOR,2026,6
Oceania,OWID_OCE,2012,57289
Oceania,OWID_OCE,2013,34218
Oceania,OWID_OCE,2014,42774
Oceania,OWID_OCE,2015,45164
Oceania,OWID_OCE,2016,34387
Oceania,OWID_OCE,2017,49961
Oceania,OWID_OCE,2018,46036
Oceania,OWID_OCE,2019,36565
Oceania,OWID_OCE,2020,29308
Oceania,OWID_OCE,2021,39192
Oceania,OWID_OCE,2022,38766
Oceania,OWID_OCE,2023,52283
Oceania,OWID_OCE,2024,35785
Oceania,OWID_OCE,2025,40155
Oceania,OWID_OCE,2026,23550
Oman,OMN,2012,4
Oman,OMN,2013,1
Oman,OMN,2014,3
Oman,OMN,2015,3
Oman,OMN,2016,3
Oman,OMN,2017,6
Oman,OMN,2018,3
Oman,OMN,2019,3
Oman,OMN,2020,7
Oman,OMN,2021,18
Oman,OMN,2022,7
Oman,OMN,2023,0
Oman,OMN,2024,0
Oman,OMN,2025,1
Oman,OMN,2026,1
Pakistan,PAK,2012,1281
Pakistan,PAK,2013,891
Pakistan,PAK,2014,1025
Pakistan,PAK,2015,727
Pakistan,PAK,2016,1469
Pakistan,PAK,2017,1358
Pakistan,PAK,2018,1503
Pakistan,PAK,2019,956
Pakistan,PAK,2020,921
Pakistan,PAK,2021,1700
Pakistan,PAK,2022,1488
Pakistan,PAK,2023,653
Pakistan,PAK,2024,900
Pakistan,PAK,2025,928
Pakistan,PAK,2026,376
Palau,PLW,2012,0
Palau,PLW,2013,2
Palau,PLW,2014,0
Palau,PLW,2015,0
Palau,PLW,2016,0
Palau,PLW,2017,0
Palau,PLW,2018,2
Palau,PLW,2019,0
Palau,PLW,2020,2
Palau,PLW,2021,0
Palau,PLW,2022,0
Palau,PLW,2023,0
Palau,PLW,2024,0
Palau,PLW,2025,1
Palau,PLW,2026,1
Palestine,PSE,2012,2
Palestine,PSE,2013,10
Palestine,PSE,2014,1
Palestine,PSE,2015,16
Palestine,PSE,2016,15
Palestine,PSE,2017,1
Palestine,PSE,2018,0
Palestine,PSE,2019,12
Palestine,PSE,2020,19
Palestine,PSE,2021,23
Palestine,PSE,2022,5
Palestine,PSE,2023,5
Palestine,PSE,2024,9
Palestine,PSE,2025,7
Palestine,PSE,2026,2
Panama,PAN,2012,597
Panama,PAN,2013,534
Panama,PAN,2014,620
Panama,PAN,2015,938
Panama,PAN,2016,1006
Panama,PAN,2017,517
Panama,PAN,2018,319
Panama,PAN,2019,1251
Panama,PAN,2020,850
Panama,PAN,2021,391
Panama,PAN,2022,446
Panama,PAN,2023,728
Panama,PAN,2024,324
Panama,PAN,2025,93
Panama,PAN,2026,252
Papua New Guinea,PNG,2012,1272
Papua New Guinea,PNG,2013,1272
Papua New Guinea,PNG,2014,1812
Papua New Guinea,PNG,2015,5798
Papua New Guinea,PNG,2016,1017
Papua New Guinea,PNG,2017,1338
Papua New Guinea,PNG,2018,2626
Papua New Guinea,PNG,2019,1572
Papua New Guinea,PNG,2020,936
Papua New Guinea,PNG,2021,1168
Papua New Guinea,PNG,2022,1713
Papua New Guinea,PNG,2023,1773
Papua New Guinea,PNG,2024,870
Papua New Guinea,PNG,2025,617
Papua New Guinea,PNG,2026,1346
Paraguay,PRY,2012,7025
Paraguay,PRY,2013,10483
Paraguay,PRY,2014,6223
Paraguay,PRY,2015,5889
Paraguay,PRY,2016,8630
Paraguay,PRY,2017,10059
Paraguay,PRY,2018,6689
Paraguay,PRY,2019,8866
Paraguay,PRY,2020,13123
Paraguay,PRY,2021,8968
Paraguay,PRY,2022,7292
Paraguay,PRY,2023,6460
Paraguay,PRY,2024,6206
Paraguay,PRY,2025,3605
Paraguay,PRY,2026,1503
Peru,PER,2012,4686
Peru,PER,2013,3279
Peru,PER,2014,2756
Peru,PER,2015,3752
Peru,PER,2016,5147
Peru,PER,2017,2627
Peru,PER,2018,3418
Peru,PER,2019,4297
Peru,PER,2020,5230
Peru,PER,2021,3400
Peru,PER,2022,5015
Peru,PER,2023,2489
Peru,PER,2024,3919
Peru,PER,2025,1583
Peru,PER,2026,384
Philippines,PHL,2012,895
Philippines,PHL,2013,1310
Philippines,PHL,2014,1989
Philippines,PHL,2015,2821
Philippines,PHL,2016,3201
Philippines,PHL,2017,1072
Philippines,PHL,2018,1343
Philippines,PHL,2019,2879
Philippines,PHL,2020,2342
Philippines,PHL,2021,1061
Philippines,PHL,2022,798
Philippines,PHL,2023,1368
Philippines,PHL,2024,1767
Philippines,PHL,2025,396
Philippines,PHL,2026,1528
Pitcairn,PCN,2012,0
Pitcairn,PCN,2013,0
Pitcairn,PCN,2014,0
Pitcairn,PCN,2015,0
Pitcairn,PCN,2016,0
Pitcairn,PCN,2017,0
Pitcairn,PCN,2018,0
Pitcairn,PCN,2019,0
Pitcairn,PCN,2020,0
Pitcairn,PCN,2021,0
Pitcairn,PCN,2022,0
Pitcairn,PCN,2023,0
Pitcairn,PCN,2024,0
Pitcairn,PCN,2025,0
Pitcairn,PCN,2026,0
Poland,POL,2012,56
Poland,POL,2013,15
Poland,POL,2014,35
Poland,POL,2015,64
Poland,POL,2016,35
Poland,POL,2017,14
Poland,POL,2018,38
Poland,POL,2019,53
Poland,POL,2020,51
Poland,POL,2021,15
Poland,POL,2022,42
Poland,POL,2023,12
Poland,POL,2024,19
Poland,POL,2025,12
Poland,POL,2026,16
Portugal,PRT,2012,815
Portugal,PRT,2013,1143
Portugal,PRT,2014,175
Portugal,PRT,2015,600
Portugal,PRT,2016,975
Portugal,PRT,2017,1365
Portugal,PRT,2018,209
Portugal,PRT,2019,359
Portugal,PRT,2020,323
Portugal,PRT,2021,284
Portugal,PRT,2022,465
Portugal,PRT,2023,229
Portugal,PRT,2024,488
Portugal,PRT,2025,607
Portugal,PRT,2026,320
Puerto Rico,PRI,2012,11
Puerto Rico,PRI,2013,13
Puerto Rico,PRI,2014,9
Puerto Rico,PRI,2015,11
Puerto Rico,PRI,2016,6
Puerto Rico,PRI,2017,5
Puerto Rico,PRI,2018,7
Puerto Rico,PRI,2019,13
Puerto Rico,PRI,2020,0
Puerto Rico,PRI,2021,4
Puerto Rico,PRI,2022,8
Puerto Rico,PRI,2023,3
Puerto Rico,PRI,2024,4
Puerto Rico,PRI,2025,2
Puerto Rico,PRI,2026,1
Qatar,QAT,2012,9
Qatar,QAT,2013,11
Qatar,QAT,2014,19
Qatar,QAT,2015,18
Qatar,QAT,2016,22
Qatar,QAT,2017,13
Qatar,QAT,2018,10
Qatar,QAT,2019,19
Qatar,QAT,2020,3
Qatar,QAT,2021,0
Qatar,QAT,2022,0
Qatar,QAT,2023,0
Qatar,QAT,2024,0
Qatar,QAT,2025,0
Qatar,QAT,2026,0
Reunion,REU,2012,0
Reunion,REU,2013,1
Reunion,REU,2014,2
Reunion,REU,2015,13
Reunion,REU,2016,8
Reunion,REU,2017,21
Reunion,REU,2018,11
Reunion,REU,2019,15
Reunion,REU,2020,10
Reunion,REU,2021,10
Reunion,REU,2022,12
Reunion,REU,2023,6
Reunion,REU,2024,1
Reunion,REU,2025,0
Reunion,REU,2026,4
Romania,ROU,2012,2267
Romania,ROU,2013,1158
Romania,ROU,2014,1179
Romania,ROU,2015,1022
Romania,ROU,2016,1441
Romania,ROU,2017,1317
Romania,ROU,2018,1472
Romania,ROU,2019,1611
Romania,ROU,2020,1202
Romania,ROU,2021,962
Romania,ROU,2022,1415
Romania,ROU,2023,277
Romania,ROU,2024,370
Romania,ROU,2025,420
Romania,ROU,2026,179
Russia,RUS,2012,42615
Russia,RUS,2013,23597
Russia,RUS,2014,47976
Russia,RUS,2015,33784
Russia,RUS,2016,26086
Russia,RUS,2017,28854
Russia,RUS,2018,29233
Russia,RUS,2019,31950
Russia,RUS,2020,33860
Russia,RUS,2021,25810
Russia,RUS,2022,24179
Russia,RUS,2023,19173
Russia,RUS,2024,15613
Russia,RUS,2025,12332
Russia,RUS,2026,9994
Rwanda,RWA,2012,120
Rwanda,RWA,2013,435
Rwanda,RWA,2014,56
Rwanda,RWA,2015,244
Rwanda,RWA,2016,354
Rwanda,RWA,2017,83
Rwanda,RWA,2018,63
Rwanda,RWA,2019,113
Rwanda,RWA,2020,116
Rwanda,RWA,2021,78
Rwanda,RWA,2022,76
Rwanda,RWA,2023,53
Rwanda,RWA,2024,72
Rwanda,RWA,2025,41
Rwanda,RWA,2026,31
Saint Barthelemy,BLM,2012,0
Saint Barthelemy,BLM,2013,0
Saint Barthelemy,BLM,2014,0
Saint Barthelemy,BLM,2015,0
Saint Barthelemy,BLM,2016,0
Saint Barthelemy,BLM,2017,0
Saint Barthelemy,BLM,2018,0
Saint Barthelemy,BLM,2019,0
Saint Barthelemy,BLM,2020,0
Saint Barthelemy,BLM,2021,0
Saint Barthelemy,BLM,2022,0
Saint Barthelemy,BLM,2023,0
Saint Barthelemy,BLM,2024,0
Saint Barthelemy,BLM,2025,0
Saint Barthelemy,BLM,2026,0
Saint Helena,SHN,2012,0
Saint Helena,SHN,2013,0
Saint Helena,SHN,2014,0
Saint Helena,SHN,2015,0
Saint Helena,SHN,2016,0
Saint Helena,SHN,2017,0
Saint Helena,SHN,2018,0
Saint Helena,SHN,2019,0
Saint Helena,SHN,2020,0
Saint Helena,SHN,2021,0
Saint Helena,SHN,2022,0
Saint Helena,SHN,2023,0
Saint Helena,SHN,2024,0
Saint Helena,SHN,2025,0
Saint Helena,SHN,2026,0
Saint Kitts and Nevis,KNA,2012,0
Saint Kitts and Nevis,KNA,2013,1
Saint Kitts and Nevis,KNA,2014,4
Saint Kitts and Nevis,KNA,2015,1
Saint Kitts and Nevis,KNA,2016,0
Saint Kitts and Nevis,KNA,2017,2
Saint Kitts and Nevis,KNA,2018,3
Saint Kitts and Nevis,KNA,2019,4
Saint Kitts and Nevis,KNA,2020,1
Saint Kitts and Nevis,KNA,2021,0
Saint Kitts and Nevis,KNA,2022,2
Saint Kitts and Nevis,KNA,2023,0
Saint Kitts and Nevis,KNA,2024,0
Saint Kitts and Nevis,KNA,2025,0
Saint Kitts and Nevis,KNA,2026,0
Saint Lucia,LCA,2012,0
Saint Lucia,LCA,2013,0
Saint Lucia,LCA,2014,0
Saint Lucia,LCA,2015,1
Saint Lucia,LCA,2016,0
Saint Lucia,LCA,2017,0
Saint Lucia,LCA,2018,0
Saint Lucia,LCA,2019,0
Saint Lucia,LCA,2020,1
Saint Lucia,LCA,2021,0
Saint Lucia,LCA,2022,0
Saint Lucia,LCA,2023,0
Saint Lucia,LCA,2024,0
Saint Lucia,LCA,2025,0
Saint Lucia,LCA,2026,0
Saint Martin (French part),MAF,2012,0
Saint Martin (French part),MAF,2013,0
Saint Martin (French part),MAF,2014,0
Saint Martin (French part),MAF,2015,0
Saint Martin (French part),MAF,2016,0
Saint Martin (French part),MAF,2017,0
Saint Martin (French part),MAF,2018,0
Saint Martin (French part),MAF,2019,0
Saint Martin (French part),MAF,2020,0
Saint Martin (French part),MAF,2021,0
Saint Martin (French part),MAF,2022,0
Saint Martin (French part),MAF,2023,0
Saint Martin (French part),MAF,2024,0
Saint Martin (French part),MAF,2025,0
Saint Martin (French part),MAF,2026,0
Saint Pierre and Miquelon,SPM,2012,0
Saint Pierre and Miquelon,SPM,2013,0
Saint Pierre and Miquelon,SPM,2014,0
Saint Pierre and Miquelon,SPM,2015,0
Saint Pierre and Miquelon,SPM,2016,0
Saint Pierre and Miquelon,SPM,2017,0
Saint Pierre and Miquelon,SPM,2018,0
Saint Pierre and Miquelon,SPM,2019,0
Saint Pierre and Miquelon,SPM,2020,0
Saint Pierre and Miquelon,SPM,2021,0
Saint Pierre and Miquelon,SPM,2022,0
Saint Pierre and Miquelon,SPM,2023,0
Saint Pierre and Miquelon,SPM,2024,0
Saint Pierre and Miquelon,SPM,2025,0
Saint Pierre and Miquelon,SPM,2026,0
Saint Vincent and the Grenadines,VCT,2012,0
Saint Vincent and the Grenadines,VCT,2013,0
Saint Vincent and the Grenadines,VCT,2014,0
Saint Vincent and the Grenadines,VCT,2015,0
Saint Vincent and the Grenadines,VCT,2016,0
Saint Vincent and the Grenadines,VCT,2017,0
Saint Vincent and the Grenadines,VCT,2018,0
Saint Vincent and the Grenadines,VCT,2019,0
Saint Vincent and the Grenadines,VCT,2020,1
Saint Vincent and the Grenadines,VCT,2021,10
Saint Vincent and the Grenadines,VCT,2022,0
Saint Vincent and the Grenadines,VCT,2023,0
Saint Vincent and the Grenadines,VCT,2024,0
Saint Vincent and the Grenadines,VCT,2025,0
Saint Vincent and the Grenadines,VCT,2026,0
Samoa,WSM,2012,0
Samoa,WSM,2013,0
Samoa,WSM,2014,0
Samoa,WSM,2015,0
Samoa,WSM,2016,0
Samoa,WSM,2017,0
Samoa,WSM,2018,0
Samoa,WSM,2019,0
Samoa,WSM,2020,0
Samoa,WSM,2021,0
Samoa,WSM,2022,0
Samoa,WSM,2023,0
Samoa,WSM,2024,0
Samoa,WSM,2025,0
Samoa,WSM,2026,0
San Marino,SMR,2012,0
San Marino,SMR,2013,0
San Marino,SMR,2014,0
San Marino,SMR,2015,0
San Marino,SMR,2016,0
San Marino,SMR,2017,0
San Marino,SMR,2018,0
San Marino,SMR,2019,0
San Marino,SMR,2020,0
San Marino,SMR,2021,0
San Marino,SMR,2022,0
San Marino,SMR,2023,0
San Marino,SMR,2024,0
San Marino,SMR,2025,0
San Marino,SMR,2026,0
Sao Tome and Principe,STP,2012,2
Sao Tome and Principe,STP,2013,0
Sao Tome and Principe,STP,2014,0
Sao Tome and Principe,STP,2015,0
Sao Tome and Principe,STP,2016,0
Sao Tome and Principe,STP,2017,0
Sao Tome and Principe,STP,2018,0
Sao Tome and Principe,STP,2019,2
Sao Tome and Principe,STP,2020,3
Sao Tome and Principe,STP,2021,0
Sao Tome and Principe,STP,2022,0
Sao Tome and Principe,STP,2023,0
Sao Tome and Principe,STP,2024,0
Sao Tome and Principe,STP,2025,3
Sao Tome and Principe,STP,2026,0
Saudi Arabia,SAU,2012,29
Saudi Arabia,SAU,2013,40
Saudi Arabia,SAU,2014,41
Saudi Arabia,SAU,2015,40
Saudi Arabia,SAU,2016,30
Saudi Arabia,SAU,2017,36
Saudi Arabia,SAU,2018,29
Saudi Arabia,SAU,2019,33
Saudi Arabia,SAU,2020,28
Saudi Arabia,SAU,2021,47
Saudi Arabia,SAU,2022,27
Saudi Arabia,SAU,2023,31
Saudi Arabia,SAU,2024,31
Saudi Arabia,SAU,2025,30
Saudi Arabia,SAU,2026,14
Senegal,SEN,2012,4817
Senegal,SEN,2013,6189
Senegal,SEN,2014,5670
Senegal,SEN,2015,4046
Senegal,SEN,2016,6451
Senegal,SEN,2017,6608
Senegal,SEN,2018,3487
Senegal,SEN,2019,5662
Senegal,SEN,2020,6760
Senegal,SEN,2021,7122
Senegal,SEN,2022,7371
Senegal,SEN,2023,7833
Senegal,SEN,2024,5050
Senegal,SEN,2025,4612
Senegal,SEN,2026,2785
Serbia,SRB,2012,595
Serbia,SRB,2013,297
Serbia,SRB,2014,65
Serbia,SRB,2015,177
Serbia,SRB,2016,112
Serbia,SRB,2017,336
Serbia,SRB,2018,1423
Serbia,SRB,2019,701
Serbia,SRB,2020,162
Serbia,SRB,2021,182
Serbia,SRB,2022,158
Serbia,SRB,2023,152
Serbia,SRB,2024,186
Serbia,SRB,2025,129
Serbia,SRB,2026,57
Seychelles,SYC,2012,0
Seychelles,SYC,2013,0
Seychelles,SYC,2014,0
Seychelles,SYC,2015,0
Seychelles,SYC,2016,0
Seychelles,SYC,2017,0
Seychelles,SYC,2018,0
Seychelles,SYC,2019,0
Seychelles,SYC,2020,0
Seychelles,SYC,2021,0
Seychelles,SYC,2022,0
Seychelles,SYC,2023,0
Seychelles,SYC,2024,0
Seychelles,SYC,2025,0
Seychelles,SYC,2026,0
Sierra Leone,SLE,2012,7586
Sierra Leone,SLE,2013,7474
Sierra Leone,SLE,2014,9351
Sierra Leone,SLE,2015,9342
Sierra Leone,SLE,2016,6681
Sierra Leone,SLE,2017,6551
Sierra Leone,SLE,2018,5184
Sierra Leone,SLE,2019,6970
Sierra Leone,SLE,2020,6797
Sierra Leone,SLE,2021,5044
Sierra Leone,SLE,2022,7377
Sierra Leone,SLE,2023,6736
Sierra Leone,SLE,2024,4862
Sierra Leone,SLE,2025,3745
Sierra Leone,SLE,2026,2823
Singapore,SGP,2012,0
Singapore,SGP,2013,0
Singapore,SGP,2014,0
Singapore,SGP,2015,0
Singapore,SGP,2016,0
Singapore,SGP,2017,0
Singapore,SGP,2018,0
Singapore,SGP,2019,0
Singapore,SGP,2020,0
Singapore,SGP,2021,0
Singapore,SGP,2022,0
Singapore,SGP,2023,0
Singapore,SGP,2024,0
Singapore,SGP,2025,0
Singapore,SGP,2026,0
Sint Maarten (Dutch part),SXM,2012,0
Sint Maarten (Dutch part),SXM,2013,0
Sint Maarten (Dutch part),SXM,2014,0
Sint Maarten (Dutch part),SXM,2015,0
Sint Maarten (Dutch part),SXM,2016,0
Sint Maarten (Dutch part),SXM,2017,0
Sint Maarten (Dutch part),SXM,2018,0
Sint Maarten (Dutch part),SXM,2019,0
Sint Maarten (Dutch part),SXM,2020,0
Sint Maarten (Dutch part),SXM,2021,0
Sint Maarten (Dutch part),SXM,2022,0
Sint Maarten (Dutch part),SXM,2023,0
Sint Maarten (Dutch part),SXM,2024,0
Sint Maarten (Dutch part),SXM,2025,0
Sint Maarten (Dutch part),SXM,2026,0
Slovakia,SVK,2012,13
Slovakia,SVK,2013,9
Slovakia,SVK,2014,12
Slovakia,SVK,2015,7
Slovakia,SVK,2016,3
Slovakia,SVK,2017,4
Slovakia,SVK,2018,5
Slovakia,SVK,2019,2
Slovakia,SVK,2020,5
Slovakia,SVK,2021,0
Slovakia,SVK,2022,13
Slovakia,SVK,2023,1
Slovakia,SVK,2024,0
Slovakia,SVK,2025,3
Slovakia,SVK,2026,3
Slovenia,SVN,2012,4
Slovenia,SVN,2013,1
Slovenia,SVN,2014,0
Slovenia,SVN,2015,0
Slovenia,SVN,2016,3
Slovenia,SVN,2017,5
Slovenia,SVN,2018,0
Slovenia,SVN,2019,1
Slovenia,SVN,2020,0
Slovenia,SVN,2021,0
Slovenia,SVN,2022,10
Slovenia,SVN,2023,1
Slovenia,SVN,2024,3
Slovenia,SVN,2025,2
Slovenia,SVN,2026,1
Solomon Islands,SLB,2012,27
Solomon Islands,SLB,2013,1
Solomon Islands,SLB,2014,3
Solomon Islands,SLB,2015,9
Solomon Islands,SLB,2016,3
Solomon Islands,SLB,2017,2
Solomon Islands,SLB,2018,4
Solomon Islands,SLB,2019,16
Solomon Islands,SLB,2020,13
Solomon Islands,SLB,2021,10
Solomon Islands,SLB,2022,19
Solomon Islands,SLB,2023,13
Solomon Islands,SLB,2024,8
Solomon Islands,SLB,2025,2
Solomon Islands,SLB,2026,2
Somalia,SOM,2012,235
Somalia,SOM,2013,199
Somalia,SOM,2014,195
Somalia,SOM,2015,34
Somalia,SOM,2016,107
Somalia,SOM,2017,40
Somalia,SOM,2018,30
Somalia,SOM,2019,68
Somalia,SOM,2020,58
Somalia,SOM,2021,91
Somalia,SOM,2022,43
Somalia,SOM,2023,32
Somalia,SOM,2024,47
Somalia,SOM,2025,38
Somalia,SOM,2026,10
South Africa,ZAF,2012,13152
South Africa,ZAF,2013,14851
South Africa,ZAF,2014,13801
South Africa,ZAF,2015,9674
South Africa,ZAF,2016,7075
South Africa,ZAF,2017,10842
South Africa,ZAF,2018,10048
South Africa,ZAF,2019,11717
South Africa,ZAF,2020,11667
South Africa,ZAF,2021,14373
South Africa,ZAF,2022,11431
South Africa,ZAF,2023,12433
South Africa,ZAF,2024,9497
South Africa,ZAF,2025,5898
South Africa,ZAF,2026,4150
South America,OWID_SAM,2012,130527
South America,OWID_SAM,2013,109070
South America,OWID_SAM,2014,121027
South America,OWID_SAM,2015,147279
South America,OWID_SAM,2016,137030
South America,OWID_SAM,2017,132973
South America,OWID_SAM,2018,112375
South America,OWID_SAM,2019,136871
South America,OWID_SAM,2020,169702
South America,OWID_SAM,2021,120667
South America,OWID_SAM,2022,146610
South America,OWID_SAM,2023,124218
South America,OWID_SAM,2024,120911
South America,OWID_SAM,2025,67532
South America,OWID_SAM,2026,25986
South Georgia and the South Sandwich Islands,SGS,2012,0
South Georgia and the South Sandwich Islands,SGS,2013,0
South Georgia and the South Sandwich Islands,SGS,2014,0
South Georgia and the South Sandwich Islands,SGS,2015,0
South Georgia and the South Sandwich Islands,SGS,2016,0
South Georgia and the South Sandwich Islands,SGS,2017,0
South Georgia and the South Sandwich Islands,SGS,2018,0
South Georgia and the South Sandwich Islands,SGS,2019,0
South Georgia and the South Sandwich Islands,SGS,2020,0
South Georgia and the South Sandwich Islands,SGS,2021,0
South Georgia and the South Sandwich Islands,SGS,2022,0
South Georgia and the South Sandwich Islands,SGS,2023,0
South Georgia and the South Sandwich Islands,SGS,2024,0
South Georgia and the South Sandwich Islands,SGS,2025,0
South Georgia and the South Sandwich Islands,SGS,2026,0
South Korea,KOR,2012,4
South Korea,KOR,2013,16
South Korea,KOR,2014,19
South Korea,KOR,2015,24
South Korea,KOR,2016,13
South Korea,KOR,2017,21
South Korea,KOR,2018,9
South Korea,KOR,2019,23
South Korea,KOR,2020,27
South Korea,KOR,2021,8
South Korea,KOR,2022,34
South Korea,KOR,2023,16
South Korea,KOR,2024,1
South Korea,KOR,2025,52
South Korea,KOR,2026,12
South Sudan,SSD,2012,32359
South Sudan,SSD,2013,40022
South Sudan,SSD,2014,40634
South Sudan,SSD,2015,47619
South Sudan,SSD,2016,46122
South Sudan,SSD,2017,42360
South Sudan,SSD,2018,28397
South Sudan,SSD,2019,30384
South Sudan,SSD,2020,46203
South Sudan,SSD,2021,46298
South Sudan,SSD,2022,35604
South Sudan,SSD,2023,38285
South Sudan,SSD,2024,34541
South Sudan,SSD,2025,30354
South Sudan,SSD,2026,14484
Spain,ESP,2012,1027
Spain,ESP,2013,544
Spain,ESP,2014,535
Spain,ESP,2015,629
Spain,ESP,2016,541
Spain,ESP,2017,1015
Spain,ESP,2018,297
Spain,ESP,2019,708
Spain,ESP,2020,480
Spain,ESP,2021,475
Spain,ESP,2022,916
Spain,ESP,2023,526
Spain,ESP,2024,274
Spain,ESP,2025,635
Spain,ESP,2026,581
Sri Lanka,LKA,2012,433
Sri Lanka,LKA,2013,335
Sri Lanka,LKA,2014,313
Sri Lanka,LKA,2015,141
Sri Lanka,LKA,2016,321
Sri Lanka,LKA,2017,136
Sri Lanka,LKA,2018,227
Sri Lanka,LKA,2019,236
Sri Lanka,LKA,2020,194
Sri Lanka,LKA,2021,82
Sri Lanka,LKA,2022,127
Sri Lanka,LKA,2023,211
Sri Lanka,LKA,2024,71
Sri Lanka,LKA,2025,95
Sri Lanka,LKA,2026,54
Sudan,SDN,2012,10781
Sudan,SDN,2013,11463
Sudan,SDN,2014,10365
Sudan,SDN,2015,10151
Sudan,SDN,2016,9972
Sudan,SDN,2017,10098
Sudan,SDN,2018,6383
Sudan,SDN,2019,10179
Sudan,SDN,2020,12630
Sudan,SDN,2021,13222
Sudan,SDN,2022,9045
Sudan,SDN,2023,11201
Sudan,SDN,2024,8359
Sudan,SDN,2025,10641
Sudan,SDN,2026,3216
Suriname,SUR,2012,164
Suriname,SUR,2013,67
Suriname,SUR,2014,139
Suriname,SUR,2015,235
Suriname,SUR,2016,197
Suriname,SUR,2017,91
Suriname,SUR,2018,222
Suriname,SUR,2019,155
Suriname,SUR,2020,161
Suriname,SUR,2021,68
Suriname,SUR,2022,46
Suriname,SUR,2023,339
Suriname,SUR,2024,289
Suriname,SUR,2025,62
Suriname,SUR,2026,12
Svalbard and Jan Mayen,SJM,2012,0
Svalbard and Jan Mayen,SJM,2013,0
Svalbard and Jan Mayen,SJM,2014,0
Svalbard and Jan Mayen,SJM,2015,0
Svalbard and Jan Mayen,SJM,2016,0
Svalbard and Jan Mayen,SJM,2017,1
Svalbard and Jan Mayen,SJM,2018,0
Svalbard and Jan Mayen,SJM,2019,0
Svalbard and Jan Mayen,SJM,2020,0
Svalbard and Jan Mayen,SJM,2021,0
Svalbard and Jan Mayen,SJM,2022,0
Svalbard and Jan Mayen,SJM,2023,0
Svalbard and Jan Mayen,SJM,2024,0
Svalbard and Jan Mayen,SJM,2025,0
Svalbard and Jan Mayen,SJM,2026,0
Sweden,SWE,2012,13
Sweden,SWE,2013,22
Sweden,SWE,2014,39
Sweden,SWE,2015,22
Sweden,SWE,2016,12
Sweden,SWE,2017,12
Sweden,SWE,2018,70
Sweden,SWE,2019,19
Sweden,SWE,2020,61
Sweden,SWE,2021,12
Sweden,SWE,2022,13
Sweden,SWE,2023,6
Sweden,SWE,2024,5
Sweden,SWE,2025,2
Sweden,SWE,2026,4
Switzerland,CHE,2012,0
Switzerland,CHE,2013,0
Switzerland,CHE,2014,0
Switzerland,CHE,2015,4
Switzerland,CHE,2016,3
Switzerland,CHE,2017,9
Switzerland,CHE,2018,9
Switzerland,CHE,2019,1
Switzerland,CHE,2020,2
Switzerland,CHE,2021,4
Switzerland,CHE,2022,6
Switzerland,CHE,2023,3
Switzerland,CHE,2024,0
Switzerland,CHE,2025,0
Switzerland,CHE,2026,1
Syria,SYR,2012,177
Syria,SYR,2013,394
Syria,SYR,2014,143
Syria,SYR,2015,409
Syria,SYR,2016,258
Syria,SYR,2017,190
Syria,SYR,2018,196
Syria,SYR,2019,1279
Syria,SYR,2020,805
Syria,SYR,2021,222
Syria,SYR,2022,155
Syria,SYR,2023,198
Syria,SYR,2024,214
Syria,SYR,2025,77
Syria,SYR,2026,100
Taiwan,TWN,2012,2
Taiwan,TWN,2013,2
Taiwan,TWN,2014,5
Taiwan,TWN,2015,12
Taiwan,TWN,2016,2
Taiwan,TWN,2017,3
Taiwan,TWN,2018,7
Taiwan,TWN,2019,9
Taiwan,TWN,2020,8
Taiwan,TWN,2021,13
Taiwan,TWN,2022,2
Taiwan,TWN,2023,9
Taiwan,TWN,2024,3
Taiwan,TWN,2025,1
Taiwan,TWN,2026,2
Tajikistan,TJK,2012,13
Tajikistan,TJK,2013,52
Tajikistan,TJK,2014,38
Tajikistan,TJK,2015,27
Tajikistan,TJK,2016,33
Tajikistan,TJK,2017,18
Tajikistan,TJK,2018,12
Tajikistan,TJK,2019,20
Tajikistan,TJK,2020,28
Tajikistan,TJK,2021,23
Tajikistan,TJK,2022,21
Tajikistan,TJK,2023,14
Tajikistan,TJK,2024,10
Tajikistan,TJK,2025,24
Tajikistan,TJK,2026,7
Tanzania,TZA,2012,34674
Tanzania,TZA,2013,32297
Tanzania,TZA,2014,28443
Tanzania,TZA,2015,33580
Tanzania,TZA,2016,34090
Tanzania,TZA,2017,26391
Tanzania,TZA,2018,28012
Tanzania,TZA,2019,26147
Tanzania,TZA,2020,29568
Tanzania,TZA,2021,29290
Tanzania,TZA,2022,23937
Tanzania,TZA,2023,20849
Tanzania,TZA,2024,18498
Tanzania,TZA,2025,18139
Tanzania,TZA,2026,5648
Thailand,THA,2012,8691
Thailand,THA,2013,10079
Thailand,THA,2014,10487
Thailand,THA,2015,10167
Thailand,THA,2016,13481
Thailand,THA,2017,7394
Thailand,THA,2018,3752
Thailand,THA,2019,14469
Thailand,THA,2020,13787
Thailand,THA,2021,6046
Thailand,THA,2022,2254
Thailand,THA,2023,9768
Thailand,THA,2024,6477
Thailand,THA,2025,4996
Thailand,THA,2026,6894
Togo,TGO,2012,2179
Togo,TGO,2013,3386
Togo,TGO,2014,2583
Togo,TGO,2015,3518
Togo,TGO,2016,2731
Togo,TGO,2017,2754
Togo,TGO,2018,1560
Togo,TGO,2019,2139
Togo,TGO,2020,2673
Togo,TGO,2021,1953
Togo,TGO,2022,2290
Togo,TGO,2023,1401
Togo,TGO,2024,1446
Togo,TGO,2025,917
Togo,TGO,2026,625
Tokelau,TKL,2012,0
Tokelau,TKL,2013,0
Tokelau,TKL,2014,0
Tokelau,TKL,2015,0
Tokelau,TKL,2016,0
Tokelau,TKL,2017,0
Tokelau,TKL,2018,0
Tokelau,TKL,2019,0
Tokelau,TKL,2020,0
Tokelau,TKL,2021,0
Tokelau,TKL,2022,0
Tokelau,TKL,2023,0
Tokelau,TKL,2024,0
Tokelau,TKL,2025,0
Tokelau,TKL,2026,0
Tonga,TON,2012,0
Tonga,TON,2013,0
Tonga,TON,2014,0
Tonga,TON,2015,0
Tonga,TON,2016,0
Tonga,TON,2017,0
Tonga,TON,2018,0
Tonga,TON,2019,0
Tonga,TON,2020,0
Tonga,TON,2021,0
Tonga,TON,2022,0
Tonga,TON,2023,0
Tonga,TON,2024,0
Tonga,TON,2025,0
Tonga,TON,2026,0
Trinidad and Tobago,TTO,2012,3
Trinidad and Tobago,TTO,2013,10
Trinidad and Tobago,TTO,2014,19
Trinidad and Tobago,TTO,2015,7
Trinidad and Tobago,TTO,2016,29
Trinidad and Tobago,TTO,2017,12
Trinidad and Tobago,TTO,2018,9
Trinidad and Tobago,TTO,2019,12
Trinidad and Tobago,TTO,2020,37
Trinidad and Tobago,TTO,2021,2
Trinidad and Tobago,TTO,2022,5
Trinidad and Tobago,TTO,2023,13
Trinidad and Tobago,TTO,2024,20
Trinidad and Tobago,TTO,2025,0
Trinidad and Tobago,TTO,2026,12
Tunisia,TUN,2012,96
Tunisia,TUN,2013,69
Tunisia,TUN,2014,107
Tunisia,TUN,2015,54
Tunisia,TUN,2016,46
Tunisia,TUN,2017,90
Tunisia,TUN,2018,21
Tunisia,TUN,2019,65
Tunisia,TUN,2020,102
Tunisia,TUN,2021,89
Tunisia,TUN,2022,81
Tunisia,TUN,2023,43
Tunisia,TUN,2024,13
Tunisia,TUN,2025,50
Tunisia,TUN,2026,48
Turkey,TUR,2012,1044
Turkey,TUR,2013,2098
Turkey,TUR,2014,1059
Turkey,TUR,2015,3260
Turkey,TUR,2016,2499
Turkey,TUR,2017,1438
Turkey,TUR,2018,1422
Turkey,TUR,2019,1317
Turkey,TUR,2020,1598
Turkey,TUR,2021,1150
Turkey,TUR,2022,613
Turkey,TUR,2023,1094
Turkey,TUR,2024,902
Turkey,TUR,2025,611
Turkey,TUR,2026,195
Turkmenistan,TKM,2012,257
Turkmenistan,TKM,2013,381
Turkmenistan,TKM,2014,391
Turkmenistan,TKM,2015,459
Turkmenistan,TKM,2016,633
Turkmenistan,TKM,2017,496
Turkmenistan,TKM,2018,419
Turkmenistan,TKM,2019,720
Turkmenistan,TKM,2020,640
Turkmenistan,TKM,2021,472
Turkmenistan,TKM,2022,364
Turkmenistan,TKM,2023,117
Turkmenistan,TKM,2024,43
Turkmenistan,TKM,2025,147
Turkmenistan,TKM,2026,97
Turks and Caicos Islands,TCA,2012,0
Turks and Caicos Islands,TCA,2013,0
Turks and Caicos Islands,TCA,2014,0
Turks and Caicos Islands,TCA,2015,0
Turks and Caicos Islands,TCA,2016,0
Turks and Caicos Islands,TCA,2017,0
Turks and Caicos Islands,TCA,2018,2
Turks and Caicos Islands,TCA,2019,0
Turks and Caicos Islands,TCA,2020,1
Turks and Caicos Islands,TCA,2021,0
Turks and Caicos Islands,TCA,2022,0
Turks and Caicos Islands,TCA,2023,0
Turks and Caicos Islands,TCA,2024,0
Turks and Caicos Islands,TCA,2025,2
Turks and Caicos Islands,TCA,2026,0
Tuvalu,TUV,2012,0
Tuvalu,TUV,2013,0
Tuvalu,TUV,2014,0
Tuvalu,TUV,2015,0
Tuvalu,TUV,2016,0
Tuvalu,TUV,2017,0
Tuvalu,TUV,2018,0
Tuvalu,TUV,2019,0
Tuvalu,TUV,2020,0
Tuvalu,TUV,2021,0
Tuvalu,TUV,2022,0
Tuvalu,TUV,2023,0
Tuvalu,TUV,2024,0
Tuvalu,TUV,2025,0
Tuvalu,TUV,2026,0
Uganda,UGA,2012,8993
Uganda,UGA,2013,11142
Uganda,UGA,2014,8257
Uganda,UGA,2015,10751
Uganda,UGA,2016,12573
Uganda,UGA,2017,9586
Uganda,UGA,2018,6242
Uganda,UGA,2019,5608
Uganda,UGA,2020,7961
Uganda,UGA,2021,8554
Uganda,UGA,2022,5116
Uganda,UGA,2023,6063
Uganda,UGA,2024,3986
Uganda,UGA,2025,4877
Uganda,UGA,2026,2292
Ukraine,UKR,2012,3286
Ukraine,UKR,2013,2754
Ukraine,UKR,2014,11219
Ukraine,UKR,2015,10164
Ukraine,UKR,2016,5657
Ukraine,UKR,2017,7728
Ukraine,UKR,2018,4622
Ukraine,UKR,2019,5487
Ukraine,UKR,2020,5023
Ukraine,UKR,2021,1898
Ukraine,UKR,2022,3461
Ukraine,UKR,2023,2144
Ukraine,UKR,2024,3152
Ukraine,UKR,2025,2039
Ukraine,UKR,2026,1507
United Arab Emirates,ARE,2012,2
United Arab Emirates,ARE,2013,0
United Arab Emirates,ARE,2014,2
United Arab Emirates,ARE,2015,10
United Arab Emirates,ARE,2016,2
United Arab Emirates,ARE,2017,4
United Arab Emirates,ARE,2018,2
United Arab Emirates,ARE,2019,1
United Arab Emirates,ARE,2020,5
United Arab Emirates,ARE,2021,0
United Arab Emirates,ARE,2022,3
United Arab Emirates,ARE,2023,0
United Arab Emirates,ARE,2024,2
United Arab Emirates,ARE,2025,1
United Arab Emirates,ARE,2026,0
United Kingdom,GBR,2012,80
United Kingdom,GBR,2013,62
United Kingdom,GBR,2014,44
United Kingdom,GBR,2015,58
United Kingdom,GBR,2016,40
United Kingdom,GBR,2017,67
United Kingdom,GBR,2018,97
United Kingdom,GBR,2019,118
United Kingdom,GBR,2020,59
United Kingdom,GBR,2021,32
United Kingdom,GBR,2022,118
United Kingdom,GBR,2023,39
United Kingdom,GBR,2024,27
United Kingdom,GBR,2025,127
United Kingdom,GBR,2026,85
United States,USA,2012,13919
United States,USA,2013,13229
United States,USA,2014,14427
United States,USA,2015,16000
United States,USA,2016,16402
United States,USA,2017,17151
United States,USA,2018,14115
United States,USA,2019,15433
United States,USA,2020,15272
United States,USA,2021,16171
United States,USA,2022,17590
United States,USA,2023,10523
United States,USA,2024,9854
United States,USA,2025,8896
United States,USA,2026,6308
United States Minor Outlying Islands,UMI,2012,1
United States Minor Outlying Islands,UMI,2013,0
United States Minor Outlying Islands,UMI,2014,0
United States Minor Outlying Islands,UMI,2015,0
United States Minor Outlying Islands,UMI,2016,0
United States Minor Outlying Islands,UMI,2017,0
United States Minor Outlying Islands,UMI,2018,0
United States Minor Outlying Islands,UMI,2019,0
United States Minor Outlying Islands,UMI,2020,0
United States Minor Outlying Islands,UMI,2021,0
United States Minor Outlying Islands,UMI,2022,0
United States Minor Outlying Islands,UMI,2023,0
United States Minor Outlying Islands,UMI,2024,0
United States Minor Outlying Islands,UMI,2025,0
United States Minor Outlying Islands,UMI,2026,0
United States Virgin Islands,VIR,2012,0
United States Virgin Islands,VIR,2013,0
United States Virgin Islands,VIR,2014,0
United States Virgin Islands,VIR,2015,0
United States Virgin Islands,VIR,2016,0
United States Virgin Islands,VIR,2017,0
United States Virgin Islands,VIR,2018,2
United States Virgin Islands,VIR,2019,0
United States Virgin Islands,VIR,2020,0
United States Virgin Islands,VIR,2021,0
United States Virgin Islands,VIR,2022,0
United States Virgin Islands,VIR,2023,0
United States Virgin Islands,VIR,2024,0
United States Virgin Islands,VIR,2025,0
United States Virgin Islands,VIR,2026,0
Uruguay,URY,2012,196
Uruguay,URY,2013,163
Uruguay,URY,2014,98
Uruguay,URY,2015,349
Uruguay,URY,2016,108
Uruguay,URY,2017,102
Uruguay,URY,2018,144
Uruguay,URY,2019,141
Uruguay,URY,2020,332
Uruguay,URY,2021,158
Uruguay,URY,2022,171
Uruguay,URY,2023,131
Uruguay,URY,2024,39
Uruguay,URY,2025,88
Uruguay,URY,2026,45
Uzbekistan,UZB,2012,463
Uzbekistan,UZB,2013,565
Uzbekistan,UZB,2014,538
Uzbekistan,UZB,2015,353
Uzbekistan,UZB,2016,409
Uzbekistan,UZB,2017,487
Uzbekistan,UZB,2018,432
Uzbekistan,UZB,2019,409
Uzbekistan,UZB,2020,425
Uzbekistan,UZB,2021,510
Uzbekistan,UZB,2022,340
Uzbekistan,UZB,2023,262
Uzbekistan,UZB,2024,127
Uzbekistan,UZB,2025,187
Uzbekistan,UZB,2026,130
Vanuatu,VUT,2012,119
Vanuatu,VUT,2013,150
Vanuatu,VUT,2014,138
Vanuatu,VUT,2015,164
Vanuatu,VUT,2016,111
Vanuatu,VUT,2017,135
Vanuatu,VUT,2018,137
Vanuatu,VUT,2019,34
Vanuatu,VUT,2020,32
Vanuatu,VUT,2021,34
Vanuatu,VUT,2022,31
Vanuatu,VUT,2023,34
Vanuatu,VUT,2024,35
Vanuatu,VUT,2025,22
Vanuatu,VUT,2026,31
Vatican,VAT,2012,0
Vatican,VAT,2013,0
Vatican,VAT,2014,0
Vatican,VAT,2015,0
Vatican,VAT,2016,0
Vatican,VAT,2017,0
Vatican,VAT,2018,0
Vatican,VAT,2019,0
Vatican,VAT,2020,0
Vatican,VAT,2021,0
Vatican,VAT,2022,0
Vatican,VAT,2023,0
Vatican,VAT,2024,0
Vatican,VAT,2025,0
Vatican,VAT,2026,0
Venezuela,VEN,2012,6673
Venezuela,VEN,2013,13262
Venezuela,VEN,2014,13937
Venezuela,VEN,2015,11838
Venezuela,VEN,2016,12967
Venezuela,VEN,2017,9479
Venezuela,VEN,2018,11070
Venezuela,VEN,2019,17436
Venezuela,VEN,2020,22597
Venezuela,VEN,2021,9038
Venezuela,VEN,2022,14029
Venezuela,VEN,2023,13772
Venezuela,VEN,2024,16917
Venezuela,VEN,2025,9461
Venezuela,VEN,2026,7937
Vietnam,VNM,2012,5843
Vietnam,VNM,2013,5232
Vietnam,VNM,2014,7249
Vietnam,VNM,2015,6736
Vietnam,VNM,2016,6222
Vietnam,VNM,2017,2600
Vietnam,VNM,2018,2732
Vietnam,VNM,2019,4572
Vietnam,VNM,2020,4645
Vietnam,VNM,2021,3191
Vietnam,VNM,2022,2206
Vietnam,VNM,2023,3218
Vietnam,VNM,2024,2117
Vietnam,VNM,2025,1397
Vietnam,VNM,2026,1627
Wallis and Futuna,WLF,2012,0
Wallis and Futuna,WLF,2013,0
Wallis and Futuna,WLF,2014,0
Wallis and Futuna,WLF,2015,0
Wallis and Futuna,WLF,2016,0
Wallis and Futuna,WLF,2017,0
Wallis and Futuna,WLF,2018,0
Wallis and Futuna,WLF,2019,0
Wallis and Futuna,WLF,2020,0
Wallis and Futuna,WLF,2021,0
Wallis and Futuna,WLF,2022,0
Wallis and Futuna,WLF,2023,0
Wallis and Futuna,WLF,2024,0
Wallis and Futuna,WLF,2025,0
Wallis and Futuna,WLF,2026,0
Western Sahara,ESH,2012,0
Western Sahara,ESH,2013,0
Western Sahara,ESH,2014,0
Western Sahara,ESH,2015,0
Western Sahara,ESH,2016,0
Western Sahara,ESH,2017,0
Western Sahara,ESH,2018,1
Western Sahara,ESH,2019,0
Western Sahara,ESH,2020,1
Western Sahara,ESH,2021,0
Western Sahara,ESH,2022,0
Western Sahara,ESH,2023,0
Western Sahara,ESH,2024,0
Western Sahara,ESH,2025,0
Western Sahara,ESH,2026,0
World,OWID_WRL,2012,1027500
World,OWID_WRL,2013,1033263
World,OWID_WRL,2014,1068240
World,OWID_WRL,2015,1148499
World,OWID_WRL,2016,1087589
World,OWID_WRL,2017,1031210
World,OWID_WRL,2018,899184
World,OWID_WRL,2019,1028978
World,OWID_WRL,2020,1063518
World,OWID_WRL,2021,991030
World,OWID_WRL,2022,962619
World,OWID_WRL,2023,952481
World,OWID_WRL,2024,771585
World,OWID_WRL,2025,626326
World,OWID_WRL,2026,370394
Yemen,YEM,2012,3
Yemen,YEM,2013,8
Yemen,YEM,2014,8
Yemen,YEM,2015,3
Yemen,YEM,2016,0
Yemen,YEM,2017,3
Yemen,YEM,2018,6
Yemen,YEM,2019,4
Yemen,YEM,2020,2
Yemen,YEM,2021,10
Yemen,YEM,2022,9
Yemen,YEM,2023,3
Yemen,YEM,2024,0
Yemen,YEM,2025,5
Yemen,YEM,2026,5
Zambia,ZMB,2012,61102
Zambia,ZMB,2013,60651
Zambia,ZMB,2014,55415
Zambia,ZMB,2015,60052
Zambia,ZMB,2016,59717
Zambia,ZMB,2017,53806
Zambia,ZMB,2018,57157
Zambia,ZMB,2019,55576
Zambia,ZMB,2020,48820
Zambia,ZMB,2021,47992
Zambia,ZMB,2022,52757
Zambia,ZMB,2023,50946
Zambia,ZMB,2024,38578
Zambia,ZMB,2025,34342
Zambia,ZMB,2026,18017
Zimbabwe,ZWE,2012,8037
Zimbabwe,ZWE,2013,6875
Zimbabwe,ZWE,2014,7462
Zimbabwe,ZWE,2015,7668
Zimbabwe,ZWE,2016,5755
Zimbabwe,ZWE,2017,6152
Zimbabwe,ZWE,2018,7894
Zimbabwe,ZWE,2019,7210
Zimbabwe,ZWE,2020,3640
Zimbabwe,ZWE,2021,6166
Zimbabwe,ZWE,2022,7159
Zimbabwe,ZWE,2023,7111
Zimbabwe,ZWE,2024,3269
Zimbabwe,ZWE,2025,2901
Zimbabwe,ZWE,2026,1163