Entity,Code,Year,Cumulative CO₂ emissions
Switzerland,CHE,1858,146560
Switzerland,CHE,1859,351744
Switzerland,CHE,1860,655856
Switzerland,CHE,1861,1080880
Switzerland,CHE,1862,1549872
Switzerland,CHE,1863,2018864
Switzerland,CHE,1864,2590448
Switzerland,CHE,1865,3286608
Switzerland,CHE,1866,3975440
Switzerland,CHE,1867,4649616
Switzerland,CHE,1868,5419056
Switzerland,CHE,1869,6162848
Switzerland,CHE,1870,7060528
Switzerland,CHE,1871,8170720
Switzerland,CHE,1872,9445792
Switzerland,CHE,1873,10684224
Switzerland,CHE,1874,11853040
Switzerland,CHE,1875,13131776
Switzerland,CHE,1876,14626688
Switzerland,CHE,1877,16044656
Switzerland,CHE,1878,17400336
Switzerland,CHE,1879,18847616
Switzerland,CHE,1880,20518400
Switzerland,CHE,1881,22082928
Switzerland,CHE,1882,23812336
Switzerland,CHE,1883,25724944
Switzerland,CHE,1884,27688848
Switzerland,CHE,1885,29733360
Switzerland,CHE,1886,31818176
Switzerland,CHE,1887,34075200
Switzerland,CHE,1888,36379856
Switzerland,CHE,1889,38922670
Switzerland,CHE,1890,41798910
Switzerland,CHE,1891,45320016
Switzerland,CHE,1892,48789824
Switzerland,CHE,1893,51666064
Switzerland,CHE,1894,55249456
Switzerland,CHE,1895,59096656
Switzerland,CHE,1896,63306590
Switzerland,CHE,1897,67747360
Switzerland,CHE,1898,72495900
Switzerland,CHE,1899,77618180
Switzerland,CHE,1900,83293710
Switzerland,CHE,1901,88478270
Switzerland,CHE,1902,93714130
Switzerland,CHE,1903,99386000
Switzerland,CHE,1904,105347330
Switzerland,CHE,1905,111587120
Switzerland,CHE,1906,118482770
Switzerland,CHE,1907,126481280
Switzerland,CHE,1908,134487120
Switzerland,CHE,1909,142555250
Switzerland,CHE,1910,150344910
Switzerland,CHE,1911,158955310
Switzerland,CHE,1912,167715940
Switzerland,CHE,1913,176967540
Switzerland,CHE,1914,185394740
Switzerland,CHE,1915,194320240
Switzerland,CHE,1916,202802400
Switzerland,CHE,1917,208910290
Switzerland,CHE,1918,214655440
Switzerland,CHE,1919,219261090
Switzerland,CHE,1920,226493820
Switzerland,CHE,1921,230960240
Switzerland,CHE,1922,237112100
Switzerland,CHE,1923,244777180
Switzerland,CHE,1924,252009920
Switzerland,CHE,1925,259546770
Switzerland,CHE,1926,267003000
Switzerland,CHE,1927,275598750
Switzerland,CHE,1928,284562020
Switzerland,CHE,1929,294825730
Switzerland,CHE,1930,304381920
Switzerland,CHE,1931,314476480
Switzerland,CHE,1932,324699460
Switzerland,CHE,1933,334266180
Switzerland,CHE,1934,343821900
Switzerland,CHE,1935,353296960
Switzerland,CHE,1936,363217020
Switzerland,CHE,1937,373681400
Switzerland,CHE,1938,384139520
Switzerland,CHE,1939,395999900
Switzerland,CHE,1940,404310900
Switzerland,CHE,1941,410936200
Switzerland,CHE,1942,416774820
Switzerland,CHE,1943,422947170
Switzerland,CHE,1944,427397220
Switzerland,CHE,1945,429018700
Switzerland,CHE,1946,434783040
Switzerland,CHE,1947,444228640
Switzerland,CHE,1948,454439740
Switzerland,CHE,1949,462969250
Switzerland,CHE,1950,473220400
Switzerland,CHE,1951,485541000
Switzerland,CHE,1952,496780220
Switzerland,CHE,1953,507131940
Switzerland,CHE,1954,519743420
Switzerland,CHE,1955,533375940
Switzerland,CHE,1956,550458900
Switzerland,CHE,1957,568174900
Switzerland,CHE,1958,584481860
Switzerland,CHE,1959,601098240
Switzerland,CHE,1960,620611460
Switzerland,CHE,1961,640987100
Switzerland,CHE,1962,665121660
Switzerland,CHE,1963,694206700
Switzerland,CHE,1964,722350460
Switzerland,CHE,1965,752690370
Switzerland,CHE,1966,784187000
Switzerland,CHE,1967,816714000
Switzerland,CHE,1968,852702660
Switzerland,CHE,1969,890756900
Switzerland,CHE,1970,931008600
Switzerland,CHE,1971,972902400
Switzerland,CHE,1972,1015818600
Switzerland,CHE,1973,1062023550
Switzerland,CHE,1974,1103448000
Switzerland,CHE,1975,1142497500
Switzerland,CHE,1976,1182932200
Switzerland,CHE,1977,1223962900
Switzerland,CHE,1978,1266128000
Switzerland,CHE,1979,1305986000
Switzerland,CHE,1980,1346467700
Switzerland,CHE,1981,1385269800
Switzerland,CHE,1982,1421844600
Switzerland,CHE,1983,1461855200
Switzerland,CHE,1984,1500966900
Switzerland,CHE,1985,1540729200
Switzerland,CHE,1986,1582955300
Switzerland,CHE,1987,1623137400
Switzerland,CHE,1988,1663777300
Switzerland,CHE,1989,1703165800
Switzerland,CHE,1990,1747314400
Switzerland,CHE,1991,1793445200
Switzerland,CHE,1992,1839463300
Switzerland,CHE,1993,1883072900
Switzerland,CHE,1994,1925740900
Switzerland,CHE,1995,1969154700
Switzerland,CHE,1996,2013261400
Switzerland,CHE,1997,2056307800
Switzerland,CHE,1998,2100930300
Switzerland,CHE,1999,2145376800
Switzerland,CHE,2000,2188997400
Switzerland,CHE,2001,2234082300
Switzerland,CHE,2002,2277549300
Switzerland,CHE,2003,2322200000
Switzerland,CHE,2004,2367431200
Switzerland,CHE,2005,2413207300
Switzerland,CHE,2006,2458572000
Switzerland,CHE,2007,2501931500
Switzerland,CHE,2008,2546632400
Switzerland,CHE,2009,2590158300
Switzerland,CHE,2010,2635192000
Switzerland,CHE,2011,2676165000
Switzerland,CHE,2012,2718407400
Switzerland,CHE,2013,2761590300
Switzerland,CHE,2014,2800834600
Switzerland,CHE,2015,2839590400
Switzerland,CHE,2016,2878815200
Switzerland,CHE,2017,2917049300
Switzerland,CHE,2018,2953994200
Switzerland,CHE,2019,2990816500
Switzerland,CHE,2020,3025160000
Switzerland,CHE,2021,3061062400
Switzerland,CHE,2022,3094013000
Switzerland,CHE,2023,3125990400
Switzerland,CHE,2024,3158062000