Entity,Code,Year,Annual CO₂ emissions
Switzerland,CHE,1858,146560
Switzerland,CHE,1859,205184
Switzerland,CHE,1860,304112
Switzerland,CHE,1861,425024
Switzerland,CHE,1862,468992
Switzerland,CHE,1863,468992
Switzerland,CHE,1864,571584
Switzerland,CHE,1865,696160
Switzerland,CHE,1866,688832
Switzerland,CHE,1867,674176
Switzerland,CHE,1868,769440
Switzerland,CHE,1869,743792
Switzerland,CHE,1870,897680
Switzerland,CHE,1871,1110192
Switzerland,CHE,1872,1275072
Switzerland,CHE,1873,1238432
Switzerland,CHE,1874,1168816
Switzerland,CHE,1875,1278736
Switzerland,CHE,1876,1494912
Switzerland,CHE,1877,1417968
Switzerland,CHE,1878,1355680
Switzerland,CHE,1879,1447280
Switzerland,CHE,1880,1670784
Switzerland,CHE,1881,1564528
Switzerland,CHE,1882,1729408
Switzerland,CHE,1883,1912608
Switzerland,CHE,1884,1963904
Switzerland,CHE,1885,2044512
Switzerland,CHE,1886,2084816
Switzerland,CHE,1887,2257024
Switzerland,CHE,1888,2304656
Switzerland,CHE,1889,2542816
Switzerland,CHE,1890,2876240
Switzerland,CHE,1891,3521104
Switzerland,CHE,1892,3469808
Switzerland,CHE,1893,2876240
Switzerland,CHE,1894,3583392
Switzerland,CHE,1895,3847200
Switzerland,CHE,1896,4209936
Switzerland,CHE,1897,4440768
Switzerland,CHE,1898,4748544
Switzerland,CHE,1899,5122272
Switzerland,CHE,1900,5675536
Switzerland,CHE,1901,5184560
Switzerland,CHE,1902,5235856
Switzerland,CHE,1903,5671872
Switzerland,CHE,1904,5961328
Switzerland,CHE,1905,6239792
Switzerland,CHE,1906,6895648
Switzerland,CHE,1907,7998512
Switzerland,CHE,1908,8005840.5
Switzerland,CHE,1909,8068127.5
Switzerland,CHE,1910,7789664
Switzerland,CHE,1911,8610400
Switzerland,CHE,1912,8760624
Switzerland,CHE,1913,9251600
Switzerland,CHE,1914,8427200
Switzerland,CHE,1915,8925504
Switzerland,CHE,1916,8482160
Switzerland,CHE,1917,6107888
Switzerland,CHE,1918,5745152
Switzerland,CHE,1919,4605648
Switzerland,CHE,1920,7232736
Switzerland,CHE,1921,4466416
Switzerland,CHE,1922,6151856
Switzerland,CHE,1923,7665088
Switzerland,CHE,1924,7232736
Switzerland,CHE,1925,7536848
Switzerland,CHE,1926,7456240
Switzerland,CHE,1927,8595744
Switzerland,CHE,1928,8963252
Switzerland,CHE,1929,10263735
Switzerland,CHE,1930,9556195
Switzerland,CHE,1931,10094537
Switzerland,CHE,1932,10222985
Switzerland,CHE,1933,9566704
Switzerland,CHE,1934,9555712
Switzerland,CHE,1935,9475104
Switzerland,CHE,1936,9920062
Switzerland,CHE,1937,10464384
Switzerland,CHE,1938,10458105
Switzerland,CHE,1939,11860368
Switzerland,CHE,1940,8311001
Switzerland,CHE,1941,6625295
Switzerland,CHE,1942,5838634
Switzerland,CHE,1943,6172353
Switzerland,CHE,1944,4450036
Switzerland,CHE,1945,1621488
Switzerland,CHE,1946,5764343
Switzerland,CHE,1947,9445593
Switzerland,CHE,1948,10211101
Switzerland,CHE,1949,8529504
Switzerland,CHE,1950,10251167
Switzerland,CHE,1951,12320571
Switzerland,CHE,1952,11239231
Switzerland,CHE,1953,10351739
Switzerland,CHE,1954,12611478
Switzerland,CHE,1955,13632514
Switzerland,CHE,1956,17082932
Switzerland,CHE,1957,17716042
Switzerland,CHE,1958,16306967
Switzerland,CHE,1959,16616386
Switzerland,CHE,1960,19513184
Switzerland,CHE,1961,20375598
Switzerland,CHE,1962,24134640
Switzerland,CHE,1963,29085016
Switzerland,CHE,1964,28143752
Switzerland,CHE,1965,30339928
Switzerland,CHE,1966,31496590
Switzerland,CHE,1967,32527000
Switzerland,CHE,1968,35988656
Switzerland,CHE,1969,38054292
Switzerland,CHE,1970,40251650
Switzerland,CHE,1971,41893804
Switzerland,CHE,1972,42916236
Switzerland,CHE,1973,46204920
Switzerland,CHE,1974,41424548
Switzerland,CHE,1975,39049480
Switzerland,CHE,1976,40434612
Switzerland,CHE,1977,41030724
Switzerland,CHE,1978,42165060
Switzerland,CHE,1979,39858028
Switzerland,CHE,1980,40481760
Switzerland,CHE,1981,38801984
Switzerland,CHE,1982,36574908
Switzerland,CHE,1983,40010620
Switzerland,CHE,1984,39111670
Switzerland,CHE,1985,39762296
Switzerland,CHE,1986,42226090
Switzerland,CHE,1987,40182140
Switzerland,CHE,1988,40639790
Switzerland,CHE,1989,39388520
Switzerland,CHE,1990,44148692
Switzerland,CHE,1991,46130730
Switzerland,CHE,1992,46018068
Switzerland,CHE,1993,43609670
Switzerland,CHE,1994,42667984
Switzerland,CHE,1995,43413744
Switzerland,CHE,1996,44106828
Switzerland,CHE,1997,43046316
Switzerland,CHE,1998,44622480
Switzerland,CHE,1999,44446548
Switzerland,CHE,2000,43620510
Switzerland,CHE,2001,45084900
Switzerland,CHE,2002,43467076
Switzerland,CHE,2003,44650652
Switzerland,CHE,2004,45231136
Switzerland,CHE,2005,45776116
Switzerland,CHE,2006,45364932
Switzerland,CHE,2007,43359412
Switzerland,CHE,2008,44700870
Switzerland,CHE,2009,43525850
Switzerland,CHE,2010,45033684
Switzerland,CHE,2011,40973228
Switzerland,CHE,2012,42242188
Switzerland,CHE,2013,43182930
Switzerland,CHE,2014,39244148
Switzerland,CHE,2015,38756060
Switzerland,CHE,2016,39224776
Switzerland,CHE,2017,38234000
Switzerland,CHE,2018,36945068
Switzerland,CHE,2019,36822244
Switzerland,CHE,2020,34343256
Switzerland,CHE,2021,35902450
Switzerland,CHE,2022,32950562
Switzerland,CHE,2023,31977486
Switzerland,CHE,2024,32071708